gene,degree,betweenness,in_main_component,lfc_saline_vs_wt,lfc_leptin_vs_wt
Plcb1,5,0.003100125680770842,True,-0.2565940760477764,
Gnai1,5,0.0027649769585253456,True,-0.2207737081606391,
Elovl6,3,4.1893590280687055e-05,False,-0.3146541031862537,
Hsd17b12,3,4.1893590280687055e-05,False,-0.2203998497443886,
Fgfr2,3,0.001591956430666108,True,-0.5079030305115412,
Scd2,2,0.0,False,-0.211344313551719,
P2ry12,2,0.0008378718056137411,True,-0.3967296713894615,
Creb1,2,8.378718056137411e-05,False,-0.227112099286497,
Grm5,2,0.0,True,-0.2436751939067535,
Pax6,2,8.378718056137411e-05,False,-0.4687271412912914,
Elovl5,2,0.0,False,-0.2873306031530922,
Gabrb2,1,0.0,False,-0.2546306327354151,
Svip,1,0.0,False,-0.2498453756844201,
Ubxn2b,1,0.0,False,-0.2826537170026167,
Gabra1,1,0.0,False,-0.2462343252607166,
Sall1,1,0.0,True,-0.3954969217671186,
Oxsr1,1,0.0,False,-0.2146134991421254,
Slc12a2,1,0.0,False,-0.2243076250124285,
Kcnab1,1,0.0,False,-0.2935478518114504,
Mmp15,1,0.0,True,-0.3278066106904893,
Kcng4,1,0.0,False,-0.7446760287460665,
S1pr1,1,0.0,True,-0.3064755024214868,
Pigq,1,0.0,False,-0.2585499031424106,
Pyurf,1,0.0,False,-0.420520704880631,
Kcnj10,1,0.0,False,-0.3505033854656601,
Pip4k2a,1,0.0,True,-0.3150882164961765,
Chordc1,1,0.0,False,-0.3689224457222384,
Hsph1,1,0.0,False,-0.3158581312127969,
Ppargc1a,1,0.0,False,-0.2260653472783776,
Prkd3,1,0.0,False,-0.3737319258266914,
Aqp4,1,0.0,False,-0.6503566539960027,
Pik3c2b,1,0.0,True,-0.3076612731661731,
Cryab,1,0.0,False,-1.0290040184295994,
Hipk2,1,0.0,False,-0.2076897912156055,
Eps15,1,0.0,True,-0.2190481713638827,
Vegfa,1,0.0,True,-0.3672803127366441,
Enpp1,1,0.0,False,-0.519918119895274,
Gucy1a1,1,0.0,False,-0.275225284896224,
Cycs,1,0.0,False,-0.277157010245897,
Ndufs8,1,0.0,False,-0.2567580258904216,
4833439L19Rik,0,0.0,False,-0.2108314776673119,
9330117O12Rik,0,0.0,False,-0.7582118104165944,
A230001M10Rik,0,0.0,False,-0.8126529933663444,
A330049N07Rik,0,0.0,False,-0.7197733940726442,
AI593442,0,0.0,False,-0.3469157128465181,
Ado,0,0.0,False,-0.3254981613648769,
Ago3,0,0.0,False,-0.2401889392765468,
Ankrd28,0,0.0,False,-0.2619164705925963,
Ankrd40,0,0.0,False,-0.2317011671245654,
Ankub1,0,0.0,False,-0.7460998759382376,
Ano3,0,0.0,False,-0.4287883176075561,
Arap2,0,0.0,False,-0.2282046917572276,
Arhgap5,0,0.0,False,-0.2128478627338764,
Atp6-ps,0,0.0,False,-0.2583729893964825,
Baalc,0,0.0,False,-0.2062524493523438,
Bmp2k,0,0.0,False,-0.2870364815075372,
C030029H02Rik,0,0.0,False,-0.8191589823576014,
Car2,0,0.0,False,-0.6485242280753424,
Cdc42ep1,0,0.0,False,-0.4241912269328285,
Cdh10,0,0.0,False,-0.2619428437407078,
Chst3,0,0.0,False,-1.0899536780538732,
Cpd,0,0.0,False,-0.2167196569594072,
Cyp2j12,0,0.0,False,-1.1715987537912342,
Desi1,0,0.0,False,-0.3687239514106424,
Dip2a,0,0.0,False,-0.2502476170409656,
Dlx1,0,0.0,False,-0.400920597955236,
Dlx6os1,0,0.0,False,-0.5284329567430952,
Dpy19l1,0,0.0,False,-0.2501864957056899,
Dusp15,0,0.0,False,-0.3157958836922535,
Edil3,0,0.0,False,-0.2420033496047664,
Efcab14,0,0.0,False,-0.2471882236313136,
Efhd1,0,0.0,False,-0.5866759612362272,
Elfn1,0,0.0,False,-0.3311096413281564,
Eml1,0,0.0,False,-0.2863004635510908,
Erbin,0,0.0,False,-0.2661053574882699,
Etv5,0,0.0,False,-0.2821659000999192,
Exd2,0,0.0,False,-0.2097555398022599,
Fam53b,0,0.0,False,-0.267311378067677,
Fat3,0,0.0,False,-0.2224133216907315,
Fgf12,0,0.0,False,-0.2065523004834653,
Fhdc1,0,0.0,False,-0.5370088038469689,
Fut9,0,0.0,False,-0.2073504398180002,
Gbf1,0,0.0,False,-0.2206251281436561,
Golga7,0,0.0,False,-0.2954259166572484,
Gpr155,0,0.0,False,-0.2708269380116538,
Gpr17,0,0.0,False,-0.5507574706570556,
Gpr37l1,0,0.0,False,-0.2240630662044463,
Gprc5b,0,0.0,False,-0.2067156200873762,
H2bc4,0,0.0,False,-0.3991262721532861,
H3c4,0,0.0,False,-0.6362309556173092,
Hapln4,0,0.0,False,-0.3160957714938314,
Insc,0,0.0,False,-0.6827505931975415,
Jam2,0,0.0,False,-0.36066542775336,
Kif5b,0,0.0,False,-0.2500280480785036,
Lrrc8b,0,0.0,False,-0.3015795288574084,
Lynx1,0,0.0,False,-0.2032605244766561,
Mal,0,0.0,False,-0.4816267728901842,
Map4,0,0.0,False,-0.2010421234928871,
Map4k4,0,0.0,False,-0.2067065624916973,
Mboat1,0,0.0,False,-0.6813107668414992,
Me1,0,0.0,False,-0.251968279870059,
Metrn,0,0.0,False,-0.3529461772247002,
Mlc1,0,0.0,False,-0.2304778115496535,
Mlh3,0,0.0,False,-0.3284253442955969,
Mmgt1,0,0.0,False,-0.2917666742187264,
Myo1e,0,0.0,False,-0.4640007296516574,
Myo6,0,0.0,False,-0.2500599827837199,
Neto2,0,0.0,False,-0.2506674681262049,
Nfasc,0,0.0,False,-0.2116311503123793,
Nlk,0,0.0,False,-0.2190105580189186,
Nudt4,0,0.0,False,-0.2031087641672772,
Oxct1,0,0.0,False,-0.2054688105766368,
Pacsin2,0,0.0,False,-0.2428144948220283,
Padi2,0,0.0,False,-0.5662540788661138,
Pak5,0,0.0,False,-0.3645374181956851,
Pdia4,0,0.0,False,-0.318863829013975,
Phkb,0,0.0,False,-0.2352651892911209,
Phyhipl,0,0.0,False,-0.2582972854435347,
Pkd2l1,0,0.0,False,-1.1874196105802923,
Pla2g7,0,0.0,False,-0.3165998726566007,
Plxdc2,0,0.0,False,-0.2458616110475443,
Ppm1e,0,0.0,False,-0.2155966372011861,
Prmt8,0,0.0,False,-0.438827638099893,
Prox1,0,0.0,False,-0.2877887328530293,
Ptprd,0,0.0,False,-0.2679681459644372,
Rasgrp3,0,0.0,False,-0.555136311754275,
Rassf2,0,0.0,False,-0.2437453639927546,
Reep3,0,0.0,False,-0.2455415202298559,
Rnf141,0,0.0,False,-0.3121252496957122,
Rnf5,0,0.0,False,-0.2508098440538991,
Sec11c,0,0.0,False,-0.2844187941507075,
Sema3e,0,0.0,False,-0.6311773231098515,
Sema6d,0,0.0,False,-0.2775472941528831,
Sfxn5,0,0.0,False,-0.2192388684124423,
Sgpp2,0,0.0,False,-0.3871522360194888,
Sh3d19,0,0.0,False,-0.2601845666717078,
Shtn1,0,0.0,False,-0.3246658180476025,
Smim13,0,0.0,False,-0.2613798461517904,
Sox6,0,0.0,False,-0.3003624594806843,
Sox8,0,0.0,False,-0.2580055994682337,
Sp8,0,0.0,False,-0.957004739675209,
Sytl2,0,0.0,False,-0.4472781530915578,
Tmbim1,0,0.0,False,-0.2634235595161264,
Tmeff2,0,0.0,False,-0.4102579755278174,
Tmem229a,0,0.0,False,-0.3602431338205854,
Tmem33,0,0.0,False,-0.2261756199742821,
Tmem47,0,0.0,False,-0.2014803320260113,
Tmem98,0,0.0,False,-0.583057126199344,
Tppp,0,0.0,False,-0.2357226900986264,
Tprkb,0,0.0,False,-0.2707057236966321,
Trim36,0,0.0,False,-0.4489347600660259,
Tspan2,0,0.0,False,-0.2979075142647085,
Ttll7,0,0.0,False,-0.2997049722989817,
Usp31,0,0.0,False,-0.301341083447697,
Ypel2,0,0.0,False,-0.3237135194196072,
Zfp91,0,0.0,False,-0.2030032727585025,
