preferredName_A,preferredName_B,score
Ngfr,Mag,0.812
Ngfr,Tgfa,0.904
Ngfr,Sort1,0.997
Gna12,Grm3,0.885
Gna12,Ednrb,0.915
Gna12,S1pr5,0.94
Gna12,Lpar1,0.96
Gna12,Gng7,0.975
Gna12,Gng11,0.98
Grm3,Gng11,0.882
Grm3,Gng7,0.908
Pvalb,Mbp,0.73
Pvalb,Slc32a1,0.82
Pvalb,Gad1,0.925
Bcas1,Plp1,0.722
Bcas1,Enpp6,0.763
Plod1,Setd7,0.89
Nefm,Kif5a,0.921
Nefm,Nefh,0.994
Nefm,Nefl,0.998
Nefl,Kif5a,0.93
Nefl,Nefh,0.998
Ednrb,Sox10,0.734
Il33,Serpinb1a,0.706
Plaat3,Enpp6,0.88
Trak2,Kif5a,0.885
Gatm,Gad1,0.904
Gng11,Gng7,0.961
Plp1,Cldn11,0.729
Plp1,Gpm6b,0.743
Plp1,Myrf,0.743
Plp1,Olig1,0.746
Plp1,Olig2,0.752
Plp1,S100b,0.782
Plp1,Sox10,0.835
Plp1,Mobp,0.837
Plp1,Cnp,0.857
Plp1,Mog,0.966
Plp1,Mag,0.976
Plp1,Mbp,0.992
Pllp,Opalin,0.739
Fez1,Kif5a,0.7
Slc32a1,Gad1,0.964
Olig2,Myrf,0.731
Olig2,Mog,0.734
Olig2,Olig1,0.776
Olig2,Cnp,0.848
Olig2,Mbp,0.87
Olig2,Sox10,0.884
Cldn11,Ermn,0.703
Cldn11,Opalin,0.801
Cldn11,Mag,0.872
Cldn11,Mog,0.946
Fa2h,Myrf,0.7
Fa2h,Ugt8a,0.773
Mbp,Nefh,0.76
Mbp,Olig1,0.791
Mbp,Sox10,0.815
Mbp,Myrf,0.816
Mbp,Mobp,0.847
Mbp,Cnp,0.932
Mbp,Mog,0.935
Mbp,Mag,0.97
Olig1,Mog,0.708
Olig1,Myrf,0.735
Olig1,Cnp,0.76
Olig1,Sox10,0.799
Mobp,Ermn,0.802
Mobp,Opalin,0.814
Mobp,Mag,0.816
Mobp,Mog,0.908
Tubb4a,Kif5a,0.841
Gjc3,Gjb1,0.925
Gjc3,Gjc2,0.933
Opalin,Mog,0.769
Opalin,Ermn,0.898
Opalin,Mag,0.916
Nefh,Kif5a,0.935
Gad1,Aspa,0.878
Hcn2,Pex5l,0.727
Cnp,Sox10,0.707
Cnp,Mog,0.855
Cnp,Mag,0.904
Mog,Mag,0.97
Gjc2,Gjb1,0.932
Myrf,Sox10,0.789
