library,term,p,padj,overlap,n
GO_Biological_Process_2023,Regulation Of Postsynaptic Neurotransmitter Receptor Activity (GO:0098962),3.7438693011167006e-07,0.00012691716930785614,DLGAP1;NPTX2;DLGAP2,3
GO_Biological_Process_2023,Regulation Of Nervous System Process (GO:0031644),3.599140895893345e-06,0.000610054381853922,DLGAP1;NPTX2;DLGAP2,3
GO_Biological_Process_2023,Chemical Synaptic Transmission (GO:0007268),5.972416973516625e-06,0.0006748831180073786,CACNB3;DLGAP1;GRIK2;NPTX2;GRIN2B;DLGAP2,6
GO_Biological_Process_2023,Anterograde Trans-Synaptic Signaling (GO:0098916),2.040775952123539e-05,0.0017295576194246993,CACNB3;DLGAP1;GRIK2;NPTX2;GRIN2B,5
GO_Biological_Process_2023,Regulation Of Neurotransmitter Receptor Activity (GO:0099601),4.924352430561013e-05,0.0030940670299077102,DLGAP1;NPTX2;DLGAP2,3
GO_Biological_Process_2023,Modulation Of Chemical Synaptic Transmission (GO:0050804),5.476224831695062e-05,0.0030940670299077102,DLGAP1;GRIK2;NPTX2;DLGAP2,4
GO_Biological_Process_2023,Hyaluronan Metabolic Process (GO:0030212),0.00025201247409397716,0.01220460410255118,CEMIP;TNFAIP6,2
GO_Biological_Process_2023,Calcium Ion Transmembrane Import Into Cytosol (GO:0097553),0.0003758138325641364,0.015925111154905282,CACNB3;PLCH2;GRIN2B,3
GO_Biological_Process_2023,"Synaptic Transmission, Glutamatergic (GO:0035249)",0.0009586858545370535,0.03611050052089568,GRIK2;GRIN2B,2
GO_Biological_Process_2023,Negative Regulation Of Osteoblast Differentiation (GO:0045668),0.001347535310850809,0.04552059324060219,TNFAIP6;RORB,2
GO_Biological_Process_2023,Regulation Of Neuronal Synaptic Plasticity (GO:0048168),0.0015208882749764513,0.04552059324060219,GRIK2;GRIN2B,2
GO_Biological_Process_2023,Glutamate Receptor Signaling Pathway (GO:0007215),0.0016113484332956527,0.04552059324060219,GRIK2;GRIN2B,2
GO_Biological_Process_2023,Epithelial Cell Migration (GO:0010631),0.0027703460352971167,0.07224210045890174,KANK1;PLXND1,2
GO_Biological_Process_2023,Cell-Cell Adhesion Via Plasma-Membrane Adhesion Molecules (GO:0098742),0.0030748963668519335,0.07378916726110303,UNC5D;FAT4;CNTN4,3
GO_Biological_Process_2023,Negative Regulation Of Cell Projection Organization (GO:0031345),0.003265007400933762,0.07378916726110303,KANK1;GRIN2B,2
GO_Biological_Process_2023,Negative Regulation Of Cell Differentiation (GO:0045596),0.0051629757443120115,0.08540733855820246,TNFAIP6;CNTN4;RORB,3
GO_Biological_Process_2023,Regulation Of Cell Migration (GO:0030334),0.006060508335136618,0.08540733855820246,KANK1;CEMIP;PLXND1;PODXL,4
GO_Biological_Process_2023,Negative Regulation Of Cell Adhesion (GO:0007162),0.006655347029609498,0.08540733855820246,PLXND1;PODXL,2
GO_Biological_Process_2023,Positive Regulation Of Synaptic Transmission (GO:0050806),0.007578496397550537,0.08540733855820246,GRIK2;GRIN2B,2
GO_Biological_Process_2023,Positive Regulation Of Protein Localization To Membrane (GO:1905477),0.00796306553563679,0.08540733855820246,CEMIP;TNFAIP6,2
GO_Biological_Process_2023,Calcium Ion Transmembrane Transport (GO:0070588),0.008158600634818514,0.08540733855820246,CACNB3;GRIN2B,2
GO_Biological_Process_2023,Epithelial Tube Formation (GO:0072175),0.008471900201487836,0.08540733855820246,PODXL,1
GO_Biological_Process_2023,Negative Regulation Of Lamellipodium Organization (GO:1902744),0.008471900201487836,0.08540733855820246,KANK1,1
GO_Biological_Process_2023,Female Gonad Development (GO:0008585),0.008471900201487836,0.08540733855820246,NR2F2,1
GO_Biological_Process_2023,Regulation Of Extracellular Exosome Assembly (GO:1903551),0.008471900201487836,0.08540733855820246,SDC4,1
GO_Biological_Process_2023,Podocyte Cell Migration (GO:0090521),0.008471900201487836,0.08540733855820246,KANK1,1
GO_Biological_Process_2023,Regulation Of NK T Cell Activation (GO:0051133),0.008471900201487836,0.08540733855820246,HSPH1,1
GO_Biological_Process_2023,Adiponectin-Activated Signaling Pathway (GO:0033211),0.008471900201487836,0.08540733855820246,ADIPOR2,1
GO_Biological_Process_2023,Positive Regulation Of Cell-Cell Adhesion Mediated By Integrin (GO:0033634),0.008471900201487836,0.08540733855820246,PODXL,1
GO_Biological_Process_2023,Regulation Of Osteoblast Differentiation (GO:0045667),0.009168483201901941,0.08540733855820246,TNFAIP6;RORB,2
GO_Biological_Process_2023,Regulation Of Endothelial Cell Migration (GO:0010594),0.009799911768340218,0.08540733855820246,RHOJ;NR2F2,2
GO_Biological_Process_2023,Excitatory Chemical Synaptic Transmission (GO:0098976),0.010157908740538318,0.08540733855820246,GRIN2B,1
GO_Biological_Process_2023,Gap Junction Assembly (GO:0016264),0.010157908740538318,0.08540733855820246,GJB6,1
GO_Biological_Process_2023,Glomerular Epithelial Cell Development (GO:0072310),0.010157908740538318,0.08540733855820246,PODXL,1
GO_Biological_Process_2023,Podocyte Development (GO:0072015),0.010157908740538318,0.08540733855820246,PODXL,1
GO_Biological_Process_2023,Negative Regulation Of Ruffle Assembly (GO:1900028),0.010157908740538318,0.08540733855820246,KANK1,1
GO_Biological_Process_2023,Regulation Of MHC Class I Biosynthetic Process (GO:0045343),0.010157908740538318,0.08540733855820246,HSPH1,1
GO_Biological_Process_2023,Hyaluronan Biosynthetic Process (GO:0030213),0.010157908740538318,0.08540733855820246,CEMIP,1
GO_Biological_Process_2023,Retinal Rod Cell Differentiation (GO:0060221),0.010157908740538318,0.08540733855820246,RORB,1
GO_Biological_Process_2023,Development Of Primary Female Sexual Characteristics (GO:0046545),0.010157908740538318,0.08540733855820246,NR2F2,1
GO_Biological_Process_2023,Thyroid Hormone Transport (GO:0070327),0.011841135434323054,0.08540733855820246,SLC16A2,1
GO_Biological_Process_2023,Negative Regulation Of Neural Precursor Cell Proliferation (GO:2000178),0.011841135434323054,0.08540733855820246,SLC16A2,1
GO_Biological_Process_2023,Positive Regulation Of Apoptotic Cell Clearance (GO:2000427),0.011841135434323054,0.08540733855820246,C4B,1
GO_Biological_Process_2023,Regulation Of Microvillus Organization (GO:0032530),0.011841135434323054,0.08540733855820246,PODXL,1
GO_Biological_Process_2023,Regulation Of Apoptotic Cell Clearance (GO:2000425),0.011841135434323054,0.08540733855820246,C4B,1
GO_Biological_Process_2023,Sinoatrial Node Development (GO:0003163),0.011841135434323054,0.08540733855820246,GJB6,1
GO_Biological_Process_2023,Lymphatic Endothelial Cell Differentiation (GO:0060836),0.011841135434323054,0.08540733855820246,NR2F2,1
GO_Biological_Process_2023,Cdc42 Protein Signal Transduction (GO:0032488),0.013521584565055974,0.08815033014526875,RHOJ,1
GO_Biological_Process_2023,Regulation Of Dendritic Spine Maintenance (GO:1902950),0.013521584565055974,0.08815033014526875,GRIN2B,1
GO_Biological_Process_2023,Cellular Response To Muramyl Dipeptide (GO:0071225),0.013521584565055974,0.08815033014526875,VIM,1
GO_Biological_Process_2023,Hyaluronan Catabolic Process (GO:0030214),0.013521584565055974,0.08815033014526875,CEMIP,1
GO_Biological_Process_2023,Semaphorin-Plexin Signaling Pathway Involved In Axon Guidance (GO:1902287),0.013521584565055974,0.08815033014526875,PLXND1,1
GO_Biological_Process_2023,Calcium Ion Transport Into Cytosol (GO:0060402),0.01519926045554118,0.09200980882907965,CACNB3,1
GO_Biological_Process_2023,Regulation Of High Voltage-Gated Calcium Channel Activity (GO:1901841),0.01519926045554118,0.09200980882907965,CACNB3,1
GO_Biological_Process_2023,Hormone Transport (GO:0009914),0.01519926045554118,0.09200980882907965,SLC16A2,1
GO_Biological_Process_2023,Regulation Of Cell-Cell Adhesion Mediated By Integrin (GO:0033632),0.01519926045554118,0.09200980882907965,PODXL,1
GO_Biological_Process_2023,Regulation Of Lamellipodium Morphogenesis (GO:2000392),0.016874167453351394,0.09652281214523761,KANK1,1
GO_Biological_Process_2023,Neuron Projection Fasciculation (GO:0106030),0.016874167453351394,0.09652281214523761,CNTN4,1
GO_Biological_Process_2023,Positive Regulation Of Voltage-Gated Potassium Channel Activity (GO:1903818),0.016874167453351394,0.09652281214523761,LRRC55,1
GO_Biological_Process_2023,Positive Regulation Of Macromolecule Biosynthetic Process (GO:0010557),0.018229105469487444,0.09652281214523761,HSPH1;VIM,2
GO_Biological_Process_2023,Podocyte Differentiation (GO:0072112),0.018546309917010683,0.09652281214523761,PODXL,1
GO_Biological_Process_2023,Protein Heterotetramerization (GO:0051290),0.020215692219209058,0.09652281214523761,GRIN2B,1
GO_Biological_Process_2023,Eye Photoreceptor Cell Differentiation (GO:0001754),0.020215692219209058,0.09652281214523761,RORB,1
GO_Biological_Process_2023,Negative Regulation Of Substrate Adhesion-Dependent Cell Spreading (GO:1900025),0.020215692219209058,0.09652281214523761,KANK1,1
GO_Biological_Process_2023,Dendrite Self-Avoidance (GO:0070593),0.020215692219209058,0.09652281214523761,CNTN4,1
GO_Biological_Process_2023,Response To Muramyl Dipeptide (GO:0032495),0.020215692219209058,0.09652281214523761,VIM,1
GO_Biological_Process_2023,Ionotropic Glutamate Receptor Signaling Pathway (GO:0035235),0.020215692219209058,0.09652281214523761,GRIN2B,1
GO_Biological_Process_2023,Atrial Cardiac Muscle Tissue Development (GO:0003228),0.020215692219209058,0.09652281214523761,GJB6,1
GO_Biological_Process_2023,Semaphorin-Plexin Signaling Pathway Involved In Neuron Projection Guidance (GO:1902285),0.020215692219209058,0.09652281214523761,PLXND1,1
GO_Biological_Process_2023,Axonal Fasciculation (GO:0007413),0.020215692219209058,0.09652281214523761,CNTN4,1
GO_Biological_Process_2023,Positive Regulation Of Voltage-Gated Calcium Channel Activity (GO:1901387),0.020215692219209058,0.09652281214523761,CACNB3,1
GO_Biological_Process_2023,Synapse Organization (GO:0050808),0.02083120555154078,0.09760665854224931,CACNB3;PLXND1,2
GO_Biological_Process_2023,Eye Photoreceptor Cell Development (GO:0042462),0.021882318729235836,0.09760665854224931,RORB,1
GO_Biological_Process_2023,Regulation Of Short-Term Neuronal Synaptic Plasticity (GO:0048172),0.021882318729235836,0.09760665854224931,GRIK2,1
GO_Biological_Process_2023,Positive Regulation Of Potassium Ion Transmembrane Transporter Activity (GO:1901018),0.021882318729235836,0.09760665854224931,LRRC55,1
GO_Biological_Process_2023,Lipid Oxidation (GO:0034440),0.021882318729235836,0.09760665854224931,ADIPOR2,1
GO_Biological_Process_2023,Photoreceptor Cell Development (GO:0042461),0.023546193825120534,0.10103999628754254,RORB,1
GO_Biological_Process_2023,Neuron Cell-Cell Adhesion (GO:0007158),0.023546193825120534,0.10103999628754254,CNTN4,1
GO_Biological_Process_2023,Positive Regulation Of Exosomal Secretion (GO:1903543),0.023546193825120534,0.10103999628754254,SDC4,1
GO_Biological_Process_2023,Regulation Of Cell Adhesion (GO:0030155),0.02484582093740223,0.10421075752184852,PLXND1;PODXL,2
GO_Biological_Process_2023,Glycosaminoglycan Catabolic Process (GO:0006027),0.025207321878441238,0.10421075752184852,CEMIP,1
GO_Biological_Process_2023,Positive Regulation Of Collagen Biosynthetic Process (GO:0032967),0.025207321878441238,0.10421075752184852,VIM,1
GO_Biological_Process_2023,Axon Guidance (GO:0007411),0.026467835585805007,0.10714676189339153,PLXND1;CNTN4,2
GO_Biological_Process_2023,Positive Regulation Of Cell Migration Involved In Sprouting Angiogenesis (GO:0090050),0.02686570725940496,0.10714676189339153,RHOJ,1
GO_Biological_Process_2023,Positive Regulation Of Collagen Metabolic Process (GO:0010714),0.02686570725940496,0.10714676189339153,VIM,1
GO_Biological_Process_2023,Regulation Of Establishment Of Cell Polarity (GO:2000114),0.028521354338754766,0.10767449133235377,KANK1,1
GO_Biological_Process_2023,Hippo Signaling (GO:0035329),0.028521354338754766,0.10767449133235377,FAT4,1
GO_Biological_Process_2023,Negative Regulation Of Rho Protein Signal Transduction (GO:0035024),0.028521354338754766,0.10767449133235377,KANK1,1
GO_Biological_Process_2023,Positive Regulation Of Cell Adhesion Mediated By Integrin (GO:0033630),0.028521354338754766,0.10767449133235377,PODXL,1
GO_Biological_Process_2023,Regulation Of Collagen Biosynthetic Process (GO:0032965),0.030174267482518016,0.10767449133235377,VIM,1
GO_Biological_Process_2023,Excitatory Postsynaptic Potential (GO:0060079),0.030174267482518016,0.10767449133235377,GRIN2B,1
GO_Biological_Process_2023,Regulation Of Establishment Or Maintenance Of Cell Polarity (GO:0032878),0.030174267482518016,0.10767449133235377,KANK1,1
GO_Biological_Process_2023,Regulation Of Exosomal Secretion (GO:1903541),0.030174267482518016,0.10767449133235377,SDC4,1
GO_Biological_Process_2023,Response To Ethanol (GO:0045471),0.030174267482518016,0.10767449133235377,GRIN2B,1
GO_Biological_Process_2023,Response To Organophosphorus (GO:0046683),0.030174267482518016,0.10767449133235377,VGF,1
GO_Biological_Process_2023,Protein Heterooligomerization (GO:0051291),0.031824451052594106,0.11008662149825921,GRIN2B,1
GO_Biological_Process_2023,Positive Regulation Of Alpha-Beta T Cell Activation (GO:0046635),0.031824451052594106,0.11008662149825921,HSPH1,1
GO_Biological_Process_2023,Negative Regulation Of Cyclin-Dependent Protein Serine/Threonine Kinase Activity (GO:0045736),0.031824451052594106,0.11008662149825921,NR2F2,1
GO_Biological_Process_2023,Brain Development (GO:0007420),0.033368821923743325,0.11234630977201275,CNTN4;GRIN2B,2
GO_Biological_Process_2023,Negative Regulation Of Cyclin-Dependent Protein Kinase Activity (GO:1904030),0.033471909401101146,0.11234630977201275,NR2F2,1
GO_Biological_Process_2023,Long-Term Synaptic Potentiation (GO:0060291),0.033471909401101146,0.11234630977201275,GRIN2B,1
GO_Biological_Process_2023,Negative Regulation Of Osteoclast Differentiation (GO:0045671),0.035116646880288954,0.11671120874919565,TNFAIP6,1
GO_Biological_Process_2023,Nervous System Development (GO:0007399),0.03673968800849731,0.11755838112378231,PLXND1;FAT4;CNTN4,3
GO_Biological_Process_2023,"Positive Regulation Of Synaptic Transmission, Glutamatergic (GO:0051968)",0.03675866784401453,0.11755838112378231,GRIN2B,1
GO_Biological_Process_2023,Regulation Of Neural Precursor Cell Proliferation (GO:2000177),0.03675866784401453,0.11755838112378231,SLC16A2,1
GO_Biological_Process_2023,Positive Regulation Of Excitatory Postsynaptic Potential (GO:2000463),0.03675866784401453,0.11755838112378231,GRIN2B,1
GO_Biological_Process_2023,Negative Regulation Of Neuron Differentiation (GO:0045665),0.038397976622418103,0.1190501911565676,CNTN4,1
GO_Biological_Process_2023,Positive Regulation Of Protein Targeting To Membrane (GO:0090314),0.038397976622418103,0.1190501911565676,CEMIP,1
GO_Biological_Process_2023,Negative Regulation Of Actin Filament Polymerization (GO:0030837),0.038397976622418103,0.1190501911565676,KANK1,1
GO_Biological_Process_2023,Regulation Of Cysteine-Type Endopeptidase Activity (GO:2000116),0.04003457755707583,0.1190501911565676,GRIN2B,1
GO_Biological_Process_2023,Regulation Of Ruffle Assembly (GO:1900027),0.04003457755707583,0.1190501911565676,KANK1,1
GO_Biological_Process_2023,Positive Regulation Of Peptidyl-Threonine Phosphorylation (GO:0010800),0.04003457755707583,0.1190501911565676,CEMIP,1
GO_Biological_Process_2023,Response To Purine-Containing Compound (GO:0014074),0.04003457755707583,0.1190501911565676,VGF,1
GO_Biological_Process_2023,Neuromuscular Junction Development (GO:0007528),0.04003457755707583,0.1190501911565676,CACNB3,1
GO_Biological_Process_2023,Cardiac Conduction System Development (GO:0003161),0.041668474974439,0.11970858488419339,GJB6,1
GO_Biological_Process_2023,"Chemical Synaptic Transmission, Postsynaptic (GO:0099565)",0.041668474974439,0.11970858488419339,GRIN2B,1
GO_Biological_Process_2023,Negative Regulation Of Proteolysis Involved In Protein Catabolic Process (GO:1903051),0.041668474974439,0.11970858488419339,PRKCG,1
GO_Biological_Process_2023,Regulation Of Neutrophil Chemotaxis (GO:0090022),0.041668474974439,0.11970858488419339,TNFAIP6,1
GO_Biological_Process_2023,Negative Regulation Of Insulin Receptor Signaling Pathway (GO:0046627),0.043299673200093314,0.12232157679026362,KANK1,1
GO_Biological_Process_2023,Negative Regulation Of Protein Polymerization (GO:0032272),0.043299673200093314,0.12232157679026362,KANK1,1
GO_Biological_Process_2023,Positive Regulation Of Response To Wounding (GO:1903036),0.0449281765490304,0.12372759299844191,KANK1,1
GO_Biological_Process_2023,Negative Regulation Of Notch Signaling Pathway (GO:0045746),0.0449281765490304,0.12372759299844191,DLK1,1
GO_Biological_Process_2023,Negative Regulation Of Cellular Response To Insulin Stimulus (GO:1900077),0.0449281765490304,0.12372759299844191,KANK1,1
GO_Biological_Process_2023,Regulation Of Protein Targeting To Membrane (GO:0090313),0.04655398933456637,0.12372759299844191,CEMIP,1
GO_Biological_Process_2023,Negative Regulation Of Cytoskeleton Organization (GO:0051494),0.04655398933456637,0.12372759299844191,KANK1,1
GO_Biological_Process_2023,Regulation Of Angiogenesis (GO:0045765),0.04733164673320924,0.12372759299844191,PLXND1;RHOJ,2
GO_Biological_Process_2023,Maintenance Of Blood-Brain Barrier (GO:0035633),0.048177115857800386,0.12372759299844191,GJB6,1
GO_Biological_Process_2023,Negative Regulation Of Plasma Membrane Bounded Cell Projection Assembly (GO:0120033),0.048177115857800386,0.12372759299844191,KANK1,1
GO_Biological_Process_2023,Regulation Of Voltage-Gated Calcium Channel Activity (GO:1901385),0.048177115857800386,0.12372759299844191,CACNB3,1
GO_Biological_Process_2023,Response To Alcohol (GO:0097305),0.048177115857800386,0.12372759299844191,GRIN2B,1
GO_Biological_Process_2023,Regulation Of Monoatomic Ion Transmembrane Transport (GO:0034765),0.048177115857800386,0.12372759299844191,GRIN2B,1
GO_Biological_Process_2023,Positive Regulation Of Endopeptidase Activity (GO:0010950),0.048177115857800386,0.12372759299844191,GRIN2B,1
GO_Biological_Process_2023,Negative Regulation Of Myeloid Leukocyte Differentiation (GO:0002762),0.04979756042328947,0.1241277425256995,TNFAIP6,1
GO_Biological_Process_2023,Regulation Of Vasculature Development (GO:1901342),0.04979756042328947,0.1241277425256995,PLXND1,1
GO_Biological_Process_2023,Positive Regulation Of Cell Communication (GO:0010647),0.04979756042328947,0.1241277425256995,GRIK2,1
GO_Biological_Process_2023,Regulation Of Cell Migration Involved In Sprouting Angiogenesis (GO:0090049),0.04979756042328947,0.1241277425256995,RHOJ,1
GO_Biological_Process_2023,Modulation Of Excitatory Postsynaptic Potential (GO:0098815),0.051415327328444255,0.1272247880608949,GRIN2B,1
GO_Biological_Process_2023,Regulation Of Calcium Ion Transmembrane Transporter Activity (GO:1901019),0.05303042084188405,0.12863836489869543,CACNB3,1
GO_Biological_Process_2023,Positive Regulation Of Cell Motility (GO:2000147),0.05411579955744023,0.12863836489869543,CEMIP;PODXL,2
GO_Biological_Process_2023,Epithelial Tube Morphogenesis (GO:0060562),0.05464284526670249,0.12863836489869543,PODXL,1
GO_Biological_Process_2023,Negative Regulation Of Epithelial Cell Migration (GO:0010633),0.05464284526670249,0.12863836489869543,NR2F2,1
GO_Biological_Process_2023,Regulation Of Sprouting Angiogenesis (GO:1903670),0.05464284526670249,0.12863836489869543,RHOJ,1
GO_Biological_Process_2023,Positive Regulation Of Release Of Sequestered Calcium Ion Into Cytosol (GO:0051281),0.05464284526670249,0.12863836489869543,CEMIP,1
GO_Biological_Process_2023,Inositol Lipid-Mediated Signaling (GO:0048017),0.05464284526670249,0.12863836489869543,PLCH2,1
GO_Biological_Process_2023,Positive Regulation Of Neuron Death (GO:1901216),0.05625260484794023,0.1297253948534132,GRIN2B,1
GO_Biological_Process_2023,Negative Regulation Of Ras Protein Signal Transduction (GO:0046580),0.05625260484794023,0.1297253948534132,KANK1,1
GO_Biological_Process_2023,Semaphorin-Plexin Signaling Pathway (GO:0071526),0.05625260484794023,0.1297253948534132,PLXND1,1
GO_Biological_Process_2023,Cellular Response To Lipid (GO:0071396),0.05718712005985302,0.13098941689385252,VIM;RORB,2
GO_Biological_Process_2023,Regulation Of Postsynaptic Membrane Potential (GO:0060078),0.05785970388450594,0.13123298470821312,GRIN2B,1
GO_Biological_Process_2023,Regulation Of Trans-Synaptic Signaling (GO:0099177),0.05946414661556277,0.13123298470821312,GRIK2,1
GO_Biological_Process_2023,Negative Regulation Of Sequestering Of Calcium Ion (GO:0051283),0.05946414661556277,0.13123298470821312,PLCH2,1
GO_Biological_Process_2023,Negative Regulation Of T Cell Proliferation (GO:0042130),0.05946414661556277,0.13123298470821312,SDC4,1
GO_Biological_Process_2023,Regulation Of Peptidyl-Threonine Phosphorylation (GO:0010799),0.05946414661556277,0.13123298470821312,CEMIP,1
GO_Biological_Process_2023,Negative Regulation Of Endothelial Cell Migration (GO:0010596),0.061065937308456206,0.13123298470821312,NR2F2,1
GO_Biological_Process_2023,Negative Regulation Of Endothelial Cell Proliferation (GO:0001937),0.061065937308456206,0.13123298470821312,NR2F2,1
GO_Biological_Process_2023,Positive Regulation Of Signaling (GO:0023056),0.061065937308456206,0.13123298470821312,GRIK2,1
GO_Biological_Process_2023,Positive Regulation Of Exocytosis (GO:0045921),0.061065937308456206,0.13123298470821312,SDC4,1
GO_Biological_Process_2023,Response To cAMP (GO:0051591),0.06266508019344691,0.13123298470821312,VGF,1
GO_Biological_Process_2023,Positive Regulation Of Axonogenesis (GO:0050772),0.06266508019344691,0.13123298470821312,PLXND1,1
GO_Biological_Process_2023,Import Into Cell (GO:0098657),0.06266508019344691,0.13123298470821312,SLC16A2,1
GO_Biological_Process_2023,Positive Regulation Of Cation Channel Activity (GO:2001259),0.06266508019344691,0.13123298470821312,LRRC55,1
GO_Biological_Process_2023,Negative Regulation Of Lymphocyte Proliferation (GO:0050672),0.06426157953263534,0.13123298470821312,SDC4,1
GO_Biological_Process_2023,Negative Regulation Of Proteasomal Protein Catabolic Process (GO:1901799),0.06426157953263534,0.13123298470821312,PRKCG,1
GO_Biological_Process_2023,Release Of Sequestered Calcium Ion Into Cytosol (GO:0051209),0.06426157953263534,0.13123298470821312,PLCH2,1
GO_Biological_Process_2023,Regulation Of Monoatomic Cation Transmembrane Transport (GO:1904062),0.06426157953263534,0.13123298470821312,GRIN2B,1
GO_Biological_Process_2023,Negative Regulation Of Cell-Substrate Adhesion (GO:0010812),0.06426157953263534,0.13123298470821312,KANK1,1
GO_Biological_Process_2023,Negative Regulation Of Cell-Cell Adhesion (GO:0022408),0.06585543955628825,0.1321005562697143,PODXL,1
GO_Biological_Process_2023,Positive Regulation Of Wound Healing (GO:0090303),0.06585543955628825,0.1321005562697143,KANK1,1
GO_Biological_Process_2023,Endothelial Cell Migration (GO:0043542),0.06585543955628825,0.1321005562697143,PLXND1,1
GO_Biological_Process_2023,Cellular Response To Retinoic Acid (GO:0071300),0.06744666449296668,0.1337311579966118,RORB,1
GO_Biological_Process_2023,Monoatomic Cation Transport (GO:0006812),0.0690352585528232,0.1337311579966118,GRIN2B,1
GO_Biological_Process_2023,Amino Acid Transmembrane Transport (GO:0003333),0.0690352585528232,0.1337311579966118,SLC16A2,1
GO_Biological_Process_2023,Positive Regulation Of Calcium Ion Transmembrane Transport (GO:1904427),0.0690352585528232,0.1337311579966118,CEMIP,1
GO_Biological_Process_2023,Regulation Of Axonogenesis (GO:0050770),0.0690352585528232,0.1337311579966118,PLXND1,1
GO_Biological_Process_2023,Regulation Of Osteoclast Differentiation (GO:0045670),0.0690352585528232,0.1337311579966118,TNFAIP6,1
GO_Biological_Process_2023,Negative Regulation Of BMP Signaling Pathway (GO:0030514),0.07062122597102223,0.13525760228348327,TNFAIP6,1
GO_Biological_Process_2023,Regulation Of Cell-Cell Adhesion (GO:0022407),0.07062122597102223,0.13525760228348327,PODXL,1
GO_Biological_Process_2023,Regulation Of Insulin Receptor Signaling Pathway (GO:0046626),0.0722045709465874,0.1359852752827396,KANK1,1
GO_Biological_Process_2023,Positive Regulation Of Biosynthetic Process (GO:0009891),0.0722045709465874,0.1359852752827396,VIM,1
GO_Biological_Process_2023,Response To Unfolded Protein (GO:0006986),0.0722045709465874,0.1359852752827396,HSPH1,1
GO_Biological_Process_2023,Positive Regulation Of Transcription By RNA Polymerase II (GO:0045944),0.07322430151020974,0.13714385752464697,DBP;GLIS3;NR2F2;RORB,4
GO_Biological_Process_2023,Positive Regulation Of Signal Transduction (GO:0009967),0.07486698887728016,0.13735589310463034,KANK1;GRIN2B,2
GO_Biological_Process_2023,Negative Regulation Of Signal Transduction (GO:0009968),0.07535373221390577,0.13735589310463034,KANK1;DLK1,2
GO_Biological_Process_2023,Regulation Of mRNA Catabolic Process (GO:0061013),0.07536341037599187,0.13735589310463034,VIM,1
GO_Biological_Process_2023,Positive Regulation Of Blood Vessel Endothelial Cell Migration (GO:0043536),0.07536341037599187,0.13735589310463034,RHOJ,1
GO_Biological_Process_2023,Positive Regulation Of Cell-Cell Adhesion (GO:0022409),0.07536341037599187,0.13735589310463034,PODXL,1
GO_Biological_Process_2023,Regulation Of Wound Healing (GO:0061041),0.07693891322048374,0.13947749508954005,KANK1,1
GO_Biological_Process_2023,Positive Regulation Of Cell Migration (GO:0030335),0.07780291900524121,0.14029356139774876,CEMIP;PODXL,2
GO_Biological_Process_2023,Heterophilic Cell-Cell Adhesion Via Plasma Membrane Cell Adhesion Molecules (GO:0007157),0.080082106093531,0.14213525636495816,FAT4,1
GO_Biological_Process_2023,Negative Regulation Of T Cell Activation (GO:0050868),0.080082106093531,0.14213525636495816,SDC4,1
GO_Biological_Process_2023,Neurogenesis (GO:0022008),0.080082106093531,0.14213525636495816,FAT4,1
GO_Biological_Process_2023,Regulation Of Epithelial Cell Migration (GO:0010632),0.0816498044624026,0.14330851257676075,RHOJ,1
GO_Biological_Process_2023,Positive Regulation Of Cell Death (GO:0010942),0.0816498044624026,0.14330851257676075,GRIN2B,1
GO_Biological_Process_2023,Monoatomic Cation Transmembrane Transport (GO:0098655),0.08227496871148304,0.14330851257676075,LRRC55;GRIN2B,2
GO_Biological_Process_2023,Regulation Of Release Of Sequestered Calcium Ion Into Cytosol (GO:0051279),0.08321490968036731,0.14330851257676075,CEMIP,1
GO_Biological_Process_2023,Regulation Of Substrate Adhesion-Dependent Cell Spreading (GO:1900024),0.08321490968036731,0.14330851257676075,KANK1,1
GO_Biological_Process_2023,Central Nervous System Development (GO:0007417),0.08327957810507926,0.14330851257676075,CNTN4;GRIN2B,2
GO_Biological_Process_2023,Fatty Acid Oxidation (GO:0019395),0.08477742591890931,0.14441983611311687,ADIPOR2,1
GO_Biological_Process_2023,Rho Protein Signal Transduction (GO:0007266),0.08477742591890931,0.14441983611311687,RHOJ,1
GO_Biological_Process_2023,Regulation Of Proteasomal Protein Catabolic Process (GO:0061136),0.08633735729569093,0.1446422621844934,PRKCG,1
GO_Biological_Process_2023,Carboxylic Acid Transport (GO:0046942),0.08633735729569093,0.1446422621844934,SLC16A2,1
GO_Biological_Process_2023,Gonad Development (GO:0008406),0.08633735729569093,0.1446422621844934,NR2F2,1
GO_Biological_Process_2023,Negative Regulation Of Neuron Projection Development (GO:0010977),0.08789470799411693,0.1446422621844934,KANK1,1
GO_Biological_Process_2023,Negative Regulation Of Protein Catabolic Process (GO:0042177),0.08789470799411693,0.1446422621844934,PRKCG,1
GO_Biological_Process_2023,Negative Regulation Of Protein Modification By Small Protein Conjugation Or Removal (GO:1903321),0.08789470799411693,0.1446422621844934,PRKCG,1
GO_Biological_Process_2023,Negative Regulation Of Protein Ubiquitination (GO:0031397),0.08789470799411693,0.1446422621844934,PRKCG,1
GO_Biological_Process_2023,"Regulation Of Synaptic Transmission, Glutamatergic (GO:0051966)",0.08944948211911666,0.14648973158637946,GRIN2B,1
GO_Biological_Process_2023,Cellular Response To Peptide (GO:1901653),0.09100168383239461,0.1476056020056544,VIM,1
GO_Biological_Process_2023,Regulation Of Cation Channel Activity (GO:2001257),0.09100168383239461,0.1476056020056544,CACNB3,1
GO_Biological_Process_2023,Glycosaminoglycan Biosynthetic Process (GO:0006024),0.09409838647736117,0.15118176784751391,CEMIP,1
GO_Biological_Process_2023,Regulation Of Neuron Death (GO:1901214),0.09409838647736117,0.15118176784751391,GRIN2B,1
GO_Biological_Process_2023,Positive Regulation Of Phagocytosis (GO:0050766),0.09718484886207923,0.1539516998329199,C4B,1
GO_Biological_Process_2023,Homophilic Cell Adhesion Via Plasma Membrane Adhesion Molecules (GO:0007156),0.09718484886207923,0.1539516998329199,CNTN4,1
GO_Biological_Process_2023,Response To Retinoic Acid (GO:0032526),0.09718484886207923,0.1539516998329199,RORB,1
GO_Biological_Process_2023,Positive Regulation Of Organelle Assembly (GO:1902117),0.09872425022238016,0.15566288755993896,SDC4,1
GO_Biological_Process_2023,Phosphatidylinositol-Mediated Signaling (GO:0048015),0.10026110381701644,0.15682433200311557,PLCH2,1
GO_Biological_Process_2023,Supramolecular Fiber Organization (GO:0097435),0.10038607682795304,0.15682433200311557,TNFAIP6;VIM,2
GO_Biological_Process_2023,Positive Regulation Of Cysteine-Type Endopeptidase Activity (GO:2001056),0.10332718407167399,0.1606785110105389,GRIN2B,1
GO_Biological_Process_2023,Intermediate Filament Organization (GO:0045109),0.10942895092205149,0.16939001992043587,VIM,1
GO_Biological_Process_2023,Response To Molecule Of Bacterial Origin (GO:0002237),0.11094808432236665,0.1694684929811879,C4B,1
GO_Biological_Process_2023,Negative Regulation Of Epithelial Cell Proliferation (GO:0050680),0.11246470247248325,0.1694684929811879,NR2F2,1
GO_Biological_Process_2023,Regulation Of Notch Signaling Pathway (GO:0008593),0.11246470247248325,0.1694684929811879,DLK1,1
GO_Biological_Process_2023,Regulation Of Actin Filament Polymerization (GO:0030833),0.11246470247248325,0.1694684929811879,KANK1,1
GO_Biological_Process_2023,Synapse Assembly (GO:0007416),0.11397880943867505,0.1694684929811879,PLXND1,1
GO_Biological_Process_2023,Cell-Cell Junction Assembly (GO:0007043),0.11397880943867505,0.1694684929811879,GJB6,1
GO_Biological_Process_2023,Regulation Of Hydrolase Activity (GO:0051336),0.11397880943867505,0.1694684929811879,PLXND1,1
GO_Biological_Process_2023,Negative Regulation Of Supramolecular Fiber Organization (GO:1902904),0.11397880943867505,0.1694684929811879,KANK1,1
GO_Biological_Process_2023,Negative Regulation Of Cellular Response To Growth Factor Stimulus (GO:0090288),0.11397880943867505,0.1694684929811879,TNFAIP6,1
GO_Biological_Process_2023,Negative Regulation Of Catabolic Process (GO:0009895),0.11549040925582522,0.17096048494149244,PRKCG,1
GO_Biological_Process_2023,Protein Tetramerization (GO:0051262),0.11699950591866148,0.17096048494149244,GRIN2B,1
GO_Biological_Process_2023,Monocarboxylic Acid Transport (GO:0015718),0.11699950591866148,0.17096048494149244,SLC16A2,1
GO_Biological_Process_2023,Regulation Of Rho Protein Signal Transduction (GO:0035023),0.11699950591866148,0.17096048494149244,KANK1,1
GO_Biological_Process_2023,Negative Regulation Of Neuron Apoptotic Process (GO:0043524),0.11850610347257144,0.17166016797126932,PRKCG,1
GO_Biological_Process_2023,Regulation Of mRNA Stability (GO:0043488),0.11850610347257144,0.17166016797126932,VIM,1
GO_Biological_Process_2023,Positive Regulation Of Neurogenesis (GO:0050769),0.1200102059268166,0.17166016797126932,PLXND1,1
GO_Biological_Process_2023,Regulation Of BMP Signaling Pathway (GO:0030510),0.1200102059268166,0.17166016797126932,TNFAIP6,1
GO_Biological_Process_2023,Regulation Of Plasma Membrane Bounded Cell Projection Assembly (GO:0120032),0.1200102059268166,0.17166016797126932,PODXL,1
GO_Biological_Process_2023,Regulation Of Ras Protein Signal Transduction (GO:0046578),0.1215118172783869,0.1730777565435847,KANK1,1
GO_Biological_Process_2023,Cell Morphogenesis Involved In Neuron Differentiation (GO:0048667),0.12301094154805582,0.17375295493662885,CNTN4,1
GO_Biological_Process_2023,Regulation Of T Cell Proliferation (GO:0042129),0.12301094154805582,0.17375295493662885,SDC4,1
GO_Biological_Process_2023,Regulation Of Cyclin-Dependent Protein Serine/Threonine Kinase Activity (GO:0000079),0.12600174473546216,0.17650657630298214,NR2F2,1
GO_Biological_Process_2023,Regulation Of Neuron Differentiation (GO:0045664),0.12600174473546216,0.17650657630298214,CNTN4,1
GO_Biological_Process_2023,Negative Regulation Of Protein Serine/Threonine Kinase Activity (GO:0071901),0.12749343166120705,0.1778612071323012,NR2F2,1
GO_Biological_Process_2023,Vascular Transport (GO:0010232),0.13195368133736293,0.18332909005477882,SLC16A2,1
GO_Biological_Process_2023,Transport Across Blood-Brain Barrier (GO:0150104),0.13491487818745393,0.18441993429656,SLC16A2,1
GO_Biological_Process_2023,Positive Regulation Of Amide Metabolic Process (GO:0034250),0.13491487818745393,0.18441993429656,VIM,1
GO_Biological_Process_2023,Positive Regulation Of Canonical Wnt Signaling Pathway (GO:0090263),0.13491487818745393,0.18441993429656,KANK1,1
GO_Biological_Process_2023,Negative Regulation Of Cell Cycle (GO:0045786),0.13491487818745393,0.18441993429656,NR2F2,1
GO_Biological_Process_2023,Glucose Homeostasis (GO:0042593),0.1378662695482398,0.18769745131266383,ADIPOR2,1
GO_Biological_Process_2023,Negative Regulation Of Neuron Death (GO:1901215),0.1393382980115978,0.18894273210372664,PRKCG,1
GO_Biological_Process_2023,Positive Regulation Of DNA Repair (GO:0045739),0.14080788692300278,0.18942013359880136,PRKCG,1
GO_Biological_Process_2023,Sensory Perception Of Mechanical Stimulus (GO:0050954),0.14080788692300278,0.18942013359880136,CEMIP,1
GO_Biological_Process_2023,Sensory Perception Of Sound (GO:0007605),0.14520205536758202,0.1945592757692107,CEMIP,1
GO_Biological_Process_2023,Regulation Of Endothelial Cell Proliferation (GO:0001936),0.1466619251080492,0.19497408867305363,NR2F2,1
GO_Biological_Process_2023,Positive Regulation Of Cellular Component Biogenesis (GO:0044089),0.1466619251080492,0.19497408867305363,SDC4,1
GO_Biological_Process_2023,Cell Junction Assembly (GO:0034329),0.14957440843387748,0.1980692361682987,PLXND1,1
GO_Biological_Process_2023,Cellular Response To Oxygen-Containing Compound (GO:1901701),0.15118449725502908,0.19942235241033018,VIM;RORB,2
GO_Biological_Process_2023,Positive Regulation Of Cold-Induced Thermogenesis (GO:0120162),0.15392505118657634,0.20225035795445495,ADIPOR2,1
GO_Biological_Process_2023,Axon Development (GO:0061564),0.15537045897664442,0.20336133433622572,CNTN4,1
GO_Biological_Process_2023,Positive Regulation Of DNA-templated Transcription (GO:0045893),0.15811734311839173,0.2061606896812877,DBP;GLIS3;NR2F2;RORB,4
GO_Biological_Process_2023,Regulation Of Neuron Apoptotic Process (GO:0043523),0.1639927081485295,0.21300202322740042,PRKCG,1
GO_Biological_Process_2023,Positive Regulation Of Metabolic Process (GO:0009893),0.16827173541447749,0.21626332711375007,ADIPOR2,1
GO_Biological_Process_2023,Positive Regulation Of Translation (GO:0045727),0.16827173541447749,0.21626332711375007,VIM,1
GO_Biological_Process_2023,Negative Regulation Of Developmental Process (GO:0051093),0.16969334811875375,0.21626332711375007,KANK1,1
GO_Biological_Process_2023,Positive Regulation Of Wnt Signaling Pathway (GO:0030177),0.16969334811875375,0.21626332711375007,KANK1,1
GO_Biological_Process_2023,Regulation Of Wnt Signaling Pathway (GO:0030111),0.16969334811875375,0.21626332711375007,KANK1,1
GO_Biological_Process_2023,Negative Regulation Of Inflammatory Response (GO:0050728),0.17252950183296037,0.2182369444827372,TNFAIP6,1
GO_Biological_Process_2023,Negative Regulation Of Transmembrane Receptor Protein Serine/Threonine Kinase Signaling Pathway (GO:0090101),0.17252950183296037,0.2182369444827372,TNFAIP6,1
GO_Biological_Process_2023,Calcium Ion Transport (GO:0006816),0.17394405042378158,0.21839641886541464,CACNB3,1
GO_Biological_Process_2023,Negative Regulation Of Defense Response (GO:0031348),0.17394405042378158,0.21839641886541464,TNFAIP6,1
GO_Biological_Process_2023,Regulation Of Protein Ubiquitination (GO:0031396),0.1753562518555918,0.21935708257950415,PRKCG,1
GO_Biological_Process_2023,Cellular Response To Molecule Of Bacterial Origin (GO:0071219),0.18098166155064851,0.22430181710327415,VIM,1
GO_Biological_Process_2023,Positive Regulation Of Protein Serine/Threonine Kinase Activity (GO:0071902),0.18098166155064851,0.22430181710327415,CEMIP,1
GO_Biological_Process_2023,Negative Regulation Of Nucleic Acid-Templated Transcription (GO:1903507),0.18129409405987348,0.22430181710327415,NR2F2;RORB,2
GO_Biological_Process_2023,Positive Regulation Of Cell Projection Organization (GO:0031346),0.1823821837951678,0.22482749202386137,PLXND1,1
GO_Biological_Process_2023,Regulation Of Protein Catabolic Process (GO:0042176),0.18796106442505783,0.22920431956868562,PRKCG,1
GO_Biological_Process_2023,Fatty Acid Metabolic Process (GO:0006631),0.18796106442505783,0.22920431956868562,ADIPOR2,1
GO_Biological_Process_2023,Potassium Ion Transport (GO:0006813),0.18796106442505783,0.22920431956868562,LRRC55,1
GO_Biological_Process_2023,Regulation Of Cell Motility (GO:2000145),0.1893500011715691,0.23007043153104634,PLXND1,1
GO_Biological_Process_2023,Cellular Response To Lipopolysaccharide (GO:0071222),0.1907366319823037,0.2301057588683308,VIM,1
GO_Biological_Process_2023,Neuron Projection Guidance (GO:0097485),0.1907366319823037,0.2301057588683308,CNTN4,1
GO_Biological_Process_2023,Positive Regulation Of Intracellular Protein Transport (GO:0090316),0.19350299066789908,0.23261529729226166,CEMIP,1
GO_Biological_Process_2023,Regulation Of Anatomical Structure Morphogenesis (GO:0022603),0.19488272597929399,0.23344609225081508,PLXND1,1
GO_Biological_Process_2023,Plasma Membrane Bounded Cell Projection Organization (GO:0120036),0.2017471095290741,0.24081785257167648,CNTN4,1
GO_Biological_Process_2023,Negative Regulation Of Cell Motility (GO:2000146),0.20311315338179647,0.24159775086466315,KANK1,1
GO_Biological_Process_2023,Protein Localization To Plasma Membrane (GO:0072659),0.20855467481700704,0.2463415845399491,CACNB3,1
GO_Biological_Process_2023,Potassium Ion Transmembrane Transport (GO:0071805),0.20855467481700704,0.2463415845399491,LRRC55,1
GO_Biological_Process_2023,Protein Localization To Cell Periphery (GO:1990778),0.21530587796347692,0.25343296051950925,CACNB3,1
GO_Biological_Process_2023,Regulation Of Cold-Induced Thermogenesis (GO:0120161),0.220666564062164,0.25706517256726324,ADIPOR2,1
GO_Biological_Process_2023,Negative Regulation Of Response To External Stimulus (GO:0032102),0.220666564062164,0.25706517256726324,TNFAIP6,1
GO_Biological_Process_2023,Neuron Projection Morphogenesis (GO:0048812),0.220666564062164,0.25706517256726324,CNTN4,1
GO_Biological_Process_2023,Negative Regulation Of Protein Metabolic Process (GO:0051248),0.22200117164371283,0.2577342369425296,PRKCG,1
GO_Biological_Process_2023,Skeletal System Development (GO:0001501),0.22466373516768423,0.2599351748185834,PRELP,1
GO_Biological_Process_2023,Neuron Development (GO:0048666),0.22599169825673165,0.2605822643164355,CNTN4,1
GO_Biological_Process_2023,Negative Regulation Of Cellular Process (GO:0048523),0.2317423300275592,0.266307287726585,PLXND1;PODXL,2
GO_Biological_Process_2023,Peptidyl-Serine Phosphorylation (GO:0018105),0.23653622418648415,0.2708979054027639,PRKCG,1
GO_Biological_Process_2023,Response To Lipopolysaccharide (GO:0032496),0.23784444567525115,0.2714790137505392,VIM,1
GO_Biological_Process_2023,Negative Regulation Of Cell Migration (GO:0030336),0.24305560810857574,0.27649614479465495,KANK1,1
GO_Biological_Process_2023,Positive Regulation Of Nucleic Acid-Templated Transcription (GO:1903508),0.24438651303919207,0.27708036093741173,NR2F2;RORB,2
GO_Biological_Process_2023,Peptidyl-Serine Modification (GO:0018209),0.2469412681410595,0.2790436329993972,PRKCG,1
GO_Biological_Process_2023,Negative Regulation Of DNA-templated Transcription (GO:0045892),0.2520683756906395,0.2838909613260026,GLIS3;NR2F2;RORB,3
GO_Biological_Process_2023,Metal Ion Transport (GO:0030001),0.2533743861607,0.284416943405554,CACNB3,1
GO_Biological_Process_2023,Neuron Differentiation (GO:0030182),0.2559326704160195,0.28588105629345045,RORB,1
GO_Biological_Process_2023,Positive Regulation Of Cellular Biosynthetic Process (GO:0031328),0.2572086199690336,0.28588105629345045,VIM,1
GO_Biological_Process_2023,Regulation Of Neuron Projection Development (GO:0010975),0.2572086199690336,0.28588105629345045,KANK1,1
GO_Biological_Process_2023,Phosphate-Containing Compound Metabolic Process (GO:0006796),0.26985187092645296,0.29895354328126655,PRKCG,1
GO_Biological_Process_2023,Axonogenesis (GO:0007409),0.2748504681880484,0.30349937692426193,CNTN4,1
GO_Biological_Process_2023,Endocytosis (GO:0006897),0.2760949183840337,0.3038836926369722,RHOJ,1
GO_Biological_Process_2023,Protein Localization To Membrane (GO:0072657),0.27981584472363563,0.3050082680428054,CACNB3,1
GO_Biological_Process_2023,Transcription By RNA Polymerase II (GO:0006366),0.27981584472363563,0.3050082680428054,GLIS3,1
GO_Biological_Process_2023,Neuron Projection Development (GO:0031175),0.27981584472363563,0.3050082680428054,CNTN4,1
GO_Biological_Process_2023,Positive Regulation Of Protein Metabolic Process (GO:0051247),0.2847482147799775,0.30938988721286015,VIM,1
GO_Biological_Process_2023,DNA-templated Transcription (GO:0006351),0.28842595986306,0.31238466579417684,GLIS3,1
GO_Biological_Process_2023,Organic Substance Transport (GO:0071702),0.2908675859437021,0.31402583323221345,CACNB3,1
GO_Biological_Process_2023,Regulation Of Translation (GO:0006417),0.29208534773730127,0.31433946946966707,VIM,1
GO_Biological_Process_2023,Regulation Of Canonical Wnt Signaling Pathway (GO:0060828),0.29814377500790146,0.319844113062274,KANK1,1
GO_Biological_Process_2023,Regulation Of GTPase Activity (GO:0043087),0.30654109869630297,0.3278152443471505,PLXND1,1
GO_Biological_Process_2023,Inflammatory Response (GO:0006954),0.3323027198792659,0.35424723911657596,TNFAIP6,1
GO_Biological_Process_2023,Regulation Of Inflammatory Response (GO:0050727),0.3368857742671406,0.3580071394249551,TNFAIP6,1
GO_Biological_Process_2023,Positive Regulation Of Programmed Cell Death (GO:0043068),0.3425716699820424,0.36291186288722616,HTRA1,1
GO_Biological_Process_2023,Cytokine-Mediated Signaling Pathway (GO:0019221),0.356025432308377,0.37598947524155707,ADIPOR2,1
GO_Biological_Process_2023,Positive Regulation Of Apoptotic Process (GO:0043065),0.37029876740710355,0.3898487023323233,HTRA1,1
GO_Biological_Process_2023,Negative Regulation Of Transcription By RNA Polymerase II (GO:0000122),0.37425948288857996,0.39279865231959316,GLIS3;NR2F2,2
GO_Biological_Process_2023,Inorganic Cation Transmembrane Transport (GO:0098662),0.3853266174524228,0.4031658127048498,LRRC55,1
GO_Biological_Process_2023,Regulation Of DNA-templated Transcription (GO:0006355),0.4153760499458431,0.4332691720973563,DBP;GLIS3;NR2F2;RORB,4
GO_Biological_Process_2023,Proteolysis (GO:0006508),0.43229299293281565,0.44953167056510585,HTRA1,1
GO_Biological_Process_2023,Regulation Of Transcription By RNA Polymerase II (GO:0006357),0.45723395198265376,0.4740131795783475,DBP;GLIS3;NR2F2;RORB,4
GO_Biological_Process_2023,Positive Regulation Of Protein Phosphorylation (GO:0001934),0.4766766408469485,0.4926627477046205,CEMIP,1
GO_Biological_Process_2023,Negative Regulation Of Cell Population Proliferation (GO:0008285),0.4784885955284337,0.4930323218362888,SLC16A2,1
GO_Biological_Process_2023,Positive Regulation Of Multicellular Organismal Process (GO:0051240),0.4856757142160638,0.49892141551286556,ADIPOR2,1
GO_Biological_Process_2023,Vesicle-Mediated Transport (GO:0016192),0.5066650035480236,0.5189106833920846,RHOJ,1
GO_Biological_Process_2023,Phosphorylation (GO:0016310),0.5218589521650548,0.532862002361306,PRKCG,1
GO_Biological_Process_2023,Regulation Of Nucleic Acid-Templated Transcription (GO:1903506),0.5406136733254445,0.5503544602322094,RORB,1
GO_Biological_Process_2023,Positive Regulation Of Gene Expression (GO:0010628),0.562483291150842,0.5707405362061867,VIM,1
GO_Biological_Process_2023,Negative Regulation Of Apoptotic Process (GO:0043066),0.5640061345990341,0.5707405362061867,PRKCG,1
GO_Biological_Process_2023,Protein Phosphorylation (GO:0006468),0.5774822066735724,0.5826382978045864,PRKCG,1
GO_Biological_Process_2023,Regulation Of Apoptotic Process (GO:0042981),0.7051110418747276,0.7092956771380791,HTRA1,1
GO_Biological_Process_2023,Protein Modification Process (GO:0036211),0.7082154943448826,0.710310806458329,PRKCG,1
GO_Biological_Process_2023,Regulation Of Gene Expression (GO:0010468),0.8610534643759725,0.8610534643759725,RORB,1
PanglaoDB_Augmented_2021,Podocytes,1.3986162623049836e-05,0.0011188930098439869,KANK1;PODXL;HTRA1;NR2F2;FAT4,5
PanglaoDB_Augmented_2021,Beta Cells,0.00010378795306755385,0.003090171757789226,UNC5D;CNTN4;NPTX2;DLK1,4
PanglaoDB_Augmented_2021,Astrocytes,0.00013095986019441544,0.003090171757789226,GJB6;HTRA1;VIM;SLC16A2,4
PanglaoDB_Augmented_2021,Interneurons,0.0001545085878894613,0.003090171757789226,PRKCG;VGF;DLGAP1;RORB;FAM81A,5
PanglaoDB_Augmented_2021,Delta Cells,0.0014166134642850743,0.01930508468024859,UNC5D;CNTN4;NPTX2,3
PanglaoDB_Augmented_2021,Bergmann Glia,0.001447881351018644,0.01930508468024859,GJB6;VIM;GRIN2B,3
PanglaoDB_Augmented_2021,Chondrocytes,0.0019319387096105663,0.02008340368853316,RHOJ;HTRA1;DLK1,3
PanglaoDB_Augmented_2021,Mesangial Cells,0.002008340368853316,0.02008340368853316,RHOJ;HTRA1;FAT4,3
PanglaoDB_Augmented_2021,Pericytes,0.002290518922220753,0.020360168197517806,HTRA1;VIM;DLK1,3
PanglaoDB_Augmented_2021,Olfactory Epithelial Cells,0.006581618730951201,0.052652949847609605,CACNB3;CNTN4;FAM81A,3
PanglaoDB_Augmented_2021,Neurons,0.012837354697130194,0.07674874802098754,CACNB3;VGF;DLGAP1,3
PanglaoDB_Augmented_2021,Vascular Smooth Muscle Cells,0.013236362006842818,0.07674874802098754,RHOJ;FAT4,2
PanglaoDB_Augmented_2021,Enterochromaffin Cells,0.014737669283355775,0.07674874802098754,RHOJ;CNTN4,2
PanglaoDB_Augmented_2021,Motor Neurons,0.015253764144948022,0.07674874802098754,VGF;NR2F2,2
PanglaoDB_Augmented_2021,Pancreatic Stellate Cells,0.015253764144948022,0.07674874802098754,TNFAIP6;HTRA1,2
PanglaoDB_Augmented_2021,Granulosa Cells,0.015514716330804522,0.07674874802098754,HTRA1;NR2F2,2
PanglaoDB_Augmented_2021,Meningeal Cells,0.01630910895445985,0.07674874802098754,HTRA1;FAT4,2
PanglaoDB_Augmented_2021,Stromal Cells,0.01879450878530435,0.08276395325571767,RHOJ;HTRA1,2
PanglaoDB_Augmented_2021,Glomus Cells,0.019656438898232948,0.08276395325571767,HTRA1;VIM,2
PanglaoDB_Augmented_2021,Anterior Pituitary Gland Cells,0.021429409424442845,0.08571763769777138,UNC5D;CNTN4,2
PanglaoDB_Augmented_2021,Satellite Cells,0.02326667233634487,0.08753676565639144,HTRA1;NR2F2,2
PanglaoDB_Augmented_2021,Mesothelial Cells,0.02484582093740223,0.08753676565639144,SDC4;HTRA1,2
PanglaoDB_Augmented_2021,Leydig Cells,0.02516682012621254,0.08753676565639144,HTRA1;DLK1,2
PanglaoDB_Augmented_2021,Sertoli Cells,0.029492956554222155,0.09830985518074052,SDC4;HTRA1,2
PanglaoDB_Augmented_2021,Fibroblasts,0.058969335317182014,0.18870187301498245,HTRA1;VIM,2
PanglaoDB_Augmented_2021,Endothelial Cells,0.06535733577982161,0.20109949470714344,PODXL;RHOJ,2
PanglaoDB_Augmented_2021,His Bundle Cells,0.15392505118657634,0.2567585544773534,SLC16A2,1
PanglaoDB_Augmented_2021,Osteocytes,0.15392505118657634,0.2567585544773534,SLC16A2,1
PanglaoDB_Augmented_2021,Pulmonary Vascular Smooth Muscle Cells,0.15537045897664442,0.2567585544773534,FAT4,1
PanglaoDB_Augmented_2021,Glycinergic Neurons,0.1568134700259566,0.2567585544773534,PRKCG,1
PanglaoDB_Augmented_2021,Myofibroblasts,0.1568134700259566,0.2567585544773534,HTRA1,1
PanglaoDB_Augmented_2021,Purkinje Fiber Cells,0.15969231715146037,0.2567585544773534,UNC5D,1
PanglaoDB_Augmented_2021,Cholinergic Neurons,0.15969231715146037,0.2567585544773534,VGF,1
PanglaoDB_Augmented_2021,Noradrenergic Neurons,0.16256162332330876,0.2567585544773534,DLK1,1
PanglaoDB_Augmented_2021,Kidney Progenitor Cells,0.1639927081485295,0.2567585544773534,NR2F2,1
PanglaoDB_Augmented_2021,Adrenergic Neurons,0.16542141923502365,0.2567585544773534,DLK1,1
PanglaoDB_Augmented_2021,Parathyroid Chief Cells,0.16542141923502365,0.2567585544773534,GLIS3,1
PanglaoDB_Augmented_2021,Glutaminergic Neurons,0.1668477603787351,0.2567585544773534,GRIN2B,1
PanglaoDB_Augmented_2021,Epiblast Cells,0.16969334811875375,0.2567585544773534,UNC5D,1
PanglaoDB_Augmented_2021,Parietal Cells,0.17252950183296037,0.2567585544773534,PODXL,1
PanglaoDB_Augmented_2021,Retinal Progenitor Cells,0.17394405042378158,0.2567585544773534,UNC5D,1
PanglaoDB_Augmented_2021,Cardiac Stem And Precursor Cells,0.1753562518555918,0.2567585544773534,NR2F2,1
PanglaoDB_Augmented_2021,Hepatoblasts,0.1767661099055207,0.2567585544773534,DLK1,1
PanglaoDB_Augmented_2021,Pancreatic Progenitor Cells,0.1767661099055207,0.2567585544773534,NR2F2,1
PanglaoDB_Augmented_2021,Adipocyte Progenitor Cells,0.1781736283799067,0.2567585544773534,NR2F2,1
PanglaoDB_Augmented_2021,Taste Receptor Cells,0.1781736283799067,0.2567585544773534,DLGAP2,1
PanglaoDB_Augmented_2021,Myoepithelial Cells,0.1781736283799067,0.2567585544773534,SDC4,1
PanglaoDB_Augmented_2021,Choroid Plexus Cells,0.18098166155064851,0.2567585544773534,SLC16A2,1
PanglaoDB_Augmented_2021,Dopaminergic Neurons,0.18378038148185852,0.2567585544773534,PRKCG,1
PanglaoDB_Augmented_2021,Transient Cells,0.18517625828747605,0.2567585544773534,SDC4,1
PanglaoDB_Augmented_2021,Peritubular Myoid Cells,0.18517625828747605,0.2567585544773534,HTRA1,1
PanglaoDB_Augmented_2021,Tanycytes,0.1865698180421205,0.2567585544773534,SLC16A2,1
PanglaoDB_Augmented_2021,Chromaffin Cells,0.18796106442505783,0.2567585544773534,UNC5D,1
PanglaoDB_Augmented_2021,Luteal Cells,0.19212096058411426,0.2567585544773534,SLC16A2,1
PanglaoDB_Augmented_2021,Myoblasts,0.19350299066789908,0.2567585544773534,HTRA1,1
PanglaoDB_Augmented_2021,Gamma (PP) Cells,0.19626017014673372,0.2567585544773534,CNTN4,1
PanglaoDB_Augmented_2021,Pyramidal Cells,0.19900819998253821,0.2567585544773534,GRIN2B,1
PanglaoDB_Augmented_2021,Pulmonary Alveolar Type I Cells,0.2003787929533847,0.2567585544773534,SDC4,1
PanglaoDB_Augmented_2021,Ductal Cells,0.2017471095290741,0.2567585544773534,SDC4,1
PanglaoDB_Augmented_2021,Hepatic Stellate Cells,0.2017471095290741,0.2567585544773534,HTRA1,1
PanglaoDB_Augmented_2021,Melanocytes,0.20311315338179647,0.2567585544773534,HTRA1,1
PanglaoDB_Augmented_2021,Mammary Epithelial Cells,0.20447692821392519,0.2567585544773534,SDC4,1
PanglaoDB_Augmented_2021,Alpha Cells,0.20719768525979987,0.2567585544773534,CNTN4,1
PanglaoDB_Augmented_2021,Enteroendocrine Cells,0.21126189411264842,0.2567585544773534,UNC5D,1
PanglaoDB_Augmented_2021,Basal Cells,0.21396012453609775,0.2567585544773534,SDC4,1
PanglaoDB_Augmented_2021,Osteoclasts,0.21799067936724653,0.2567585544773534,TNFAIP6,1
PanglaoDB_Augmented_2021,Neuroblasts,0.220666564062164,0.2567585544773534,UNC5D,1
PanglaoDB_Augmented_2021,Loop Of Henle Cells,0.22200117164371283,0.2567585544773534,HTRA1,1
PanglaoDB_Augmented_2021,Müller Cells,0.22200117164371283,0.2567585544773534,HTRA1,1
PanglaoDB_Augmented_2021,Photoreceptor Cells,0.22466373516768423,0.2567585544773534,CNTN4,1
PanglaoDB_Augmented_2021,Osteoblasts,0.23128150921249838,0.25844274373103404,HTRA1,1
PanglaoDB_Augmented_2021,Purkinje Neurons,0.2325984693579306,0.25844274373103404,DLGAP1,1
PanglaoDB_Augmented_2021,Retinal Ganglion Cells,0.24435298534729655,0.26778409353128385,CACNB3,1
PanglaoDB_Augmented_2021,Smooth Muscle Cells,0.25080756543765076,0.2711433139866495,HTRA1,1
PanglaoDB_Augmented_2021,Cardiomyocytes,0.2572086199690336,0.2734254222832754,ADIPOR2,1
PanglaoDB_Augmented_2021,Embryonic Stem Cells,0.2597541511691116,0.2734254222832754,PODXL,1
PanglaoDB_Augmented_2021,Endothelial Cells (Aorta),0.2711046464480979,0.2816671651408809,HTRA1,1
PanglaoDB_Augmented_2021,Adipocytes,0.30175464378659994,0.3094919423452307,HTRA1,1
PanglaoDB_Augmented_2021,Hepatocytes,0.3148408734720354,0.31882620098433967,C4B,1
PanglaoDB_Augmented_2021,Mast Cells,0.3311521613138095,0.3311521613138095,GRIK2,1
WikiPathways_2019_Mouse,Calcium Regulation in the Cardiac Cell WP553,0.00196990773480443,0.026615885991015154,PRKCG;CACNB3;GJB6,3
WikiPathways_2019_Mouse,Splicing factor NOVA regulated synaptic proteins WP1983,0.0023144248687839266,0.026615885991015154,GRIK2;GRIN2B,2
WikiPathways_2019_Mouse,Primary Focal Segmental Glomerulosclerosis FSGS WP2573,0.006655347029609498,0.05102432722700615,PODXL;VIM,2
WikiPathways_2019_Mouse,Leptin and adiponectin WP683,0.016874167453351394,0.09702646285677051,ADIPOR2,1
WikiPathways_2019_Mouse,Myometrial Relaxation and Contraction Pathways WP385,0.027795777055696153,0.10933185829855994,PRKCG;CACNB3,2
WikiPathways_2019_Mouse,"Complement Activation, Classical Pathway WP200",0.028521354338754766,0.10933185829855994,C4B,1
WikiPathways_2019_Mouse,Hypothetical Network for Drug Addiction WP1246,0.051415327328444255,0.15246245992041665,GRIN2B,1
WikiPathways_2019_Mouse,White fat cell differentiation WP2872,0.05303042084188405,0.15246245992041665,NR2F2,1
WikiPathways_2019_Mouse,Nuclear Receptors WP509,0.06266508019344691,0.15373369251942523,NR2F2,1
WikiPathways_2019_Mouse,Oxidative Damage WP1496,0.0690352585528232,0.15373369251942523,C4B,1
WikiPathways_2019_Mouse,Striated Muscle Contraction WP216,0.07378529768269645,0.15373369251942523,VIM,1
WikiPathways_2019_Mouse,PluriNetWork WP1763,0.08784752373977309,0.15373369251942523,PRKCG;NR2F2,2
WikiPathways_2019_Mouse,Wnt Signaling Pathway WP403,0.09718484886207923,0.15373369251942523,PRKCG,1
WikiPathways_2019_Mouse,SIDS Susceptibility Pathways WP1266,0.09872425022238016,0.15373369251942523,C4B,1
WikiPathways_2019_Mouse,Complement and Coagulation Cascades WP449,0.10026110381701644,0.15373369251942523,C4B,1
WikiPathways_2019_Mouse,Alpha6-Beta4 Integrin Signaling Pathway WP488,0.10790729825957934,0.1551167412481453,VIM,1
WikiPathways_2019_Mouse,Alzheimers Disease WP2075,0.1200102059268166,0.16236674919510483,GRIN2B,1
WikiPathways_2019_Mouse,G Protein Signaling Pathways WP232,0.14520205536758202,0.17867602782314107,PRKCG,1
WikiPathways_2019_Mouse,Wnt Signaling Pathway and Pluripotency WP723,0.1524772427346566,0.17867602782314107,PRKCG,1
WikiPathways_2019_Mouse,Spinal Cord Injury WP2432,0.15537045897664442,0.17867602782314107,VIM,1
WikiPathways_2019_Mouse,Adipogenesis genes WP447,0.20447692821392519,0.22395092137715616,DLK1,1
WikiPathways_2019_Mouse,Insulin Signaling WP65,0.23784444567525115,0.23784444567525115,RHOJ,1
WikiPathways_2019_Mouse,MAPK signaling pathway WP493,0.23784444567525115,0.23784444567525115,PRKCG,1
KEGG_2019_Mouse,Glutamatergic synapse,4.068757678494587e-05,0.0033770688731505068,PRKCG;DLGAP1;GRIK2;GRIN2B,4
KEGG_2019_Mouse,Long-term potentiation,0.00578763126662256,0.16480186732709884,PRKCG;GRIN2B,2
KEGG_2019_Mouse,Amphetamine addiction,0.005956693999774656,0.16480186732709884,PRKCG;GRIN2B,2
KEGG_2019_Mouse,Circadian entrainment,0.012275199586674555,0.254710391423497,PRKCG;GRIN2B,2
KEGG_2019_Mouse,Thyroid hormone signaling pathway,0.01630910895445985,0.26128988889500027,PRKCG;SLC16A2,2
KEGG_2019_Mouse,Dopaminergic synapse,0.0220347567282461,0.26128988889500027,PRKCG;GRIN2B,2
KEGG_2019_Mouse,Systemic lupus erythematosus,0.024526536358644237,0.26128988889500027,C4B;GRIN2B,2
KEGG_2019_Mouse,Oxytocin signaling pathway,0.028131922418136876,0.26128988889500027,PRKCG;CACNB3,2
KEGG_2019_Mouse,Proteoglycans in cancer,0.046507520466764436,0.26128988889500027,PRKCG;SDC4,2
KEGG_2019_Mouse,Rap1 signaling pathway,0.048996088531033814,0.26128988889500027,PRKCG;GRIN2B,2
KEGG_2019_Mouse,Circadian rhythm,0.04979756042328947,0.26128988889500027,RORB,1
KEGG_2019_Mouse,Ras signaling pathway,0.05941792542260616,0.26128988889500027,PRKCG;GRIN2B,2
KEGG_2019_Mouse,Aldosterone-regulated sodium reabsorption,0.06266508019344691,0.26128988889500027,PRKCG,1
KEGG_2019_Mouse,African trypanosomiasis,0.06426157953263534,0.26128988889500027,PRKCG,1
KEGG_2019_Mouse,Nicotine addiction,0.06585543955628825,0.26128988889500027,GRIN2B,1
KEGG_2019_Mouse,Cocaine addiction,0.07851181039259558,0.26128988889500027,GRIN2B,1
KEGG_2019_Mouse,MicroRNAs in cancer,0.08227496871148304,0.26128988889500027,PRKCG;VIM,2
KEGG_2019_Mouse,Amyotrophic lateral sclerosis (ALS),0.08477742591890931,0.26128988889500027,GRIN2B,1
KEGG_2019_Mouse,MAPK signaling pathway,0.08887290034629063,0.26128988889500027,PRKCG;CACNB3,2
KEGG_2019_Mouse,Endocrine and other factor-regulated calcium reabsorption,0.08944948211911666,0.26128988889500027,PRKCG,1
KEGG_2019_Mouse,VEGF signaling pathway,0.09409838647736117,0.26128988889500027,PRKCG,1
KEGG_2019_Mouse,Long-term depression,0.09872425022238016,0.26128988889500027,PRKCG,1
KEGG_2019_Mouse,Non-small cell lung cancer,0.10638312227297914,0.26128988889500027,PRKCG,1
KEGG_2019_Mouse,Adipocytokine signaling pathway,0.11397880943867505,0.26128988889500027,ADIPOR2,1
KEGG_2019_Mouse,Arrhythmogenic right ventricular cardiomyopathy (ARVC),0.11549040925582522,0.26128988889500027,CACNB3,1
KEGG_2019_Mouse,Inositol phosphate metabolism,0.11699950591866148,0.26128988889500027,PLCH2,1
KEGG_2019_Mouse,Thyroid hormone synthesis,0.11699950591866148,0.26128988889500027,PRKCG,1
KEGG_2019_Mouse,Neuroactive ligand-receptor interaction,0.1178312282313134,0.26128988889500027,GRIK2;GRIN2B,2
KEGG_2019_Mouse,Gastric acid secretion,0.11850610347257144,0.26128988889500027,PRKCG,1
KEGG_2019_Mouse,Glioma,0.1200102059268166,0.26128988889500027,PRKCG,1
KEGG_2019_Mouse,Pertussis,0.1215118172783869,0.26128988889500027,C4B,1
KEGG_2019_Mouse,Cardiac muscle contraction,0.12450758270134277,0.26128988889500027,CACNB3,1
KEGG_2019_Mouse,Salivary secretion,0.12450758270134277,0.26128988889500027,PRKCG,1
KEGG_2019_Mouse,ECM-receptor interaction,0.13195368133736293,0.26128988889500027,SDC4,1
KEGG_2019_Mouse,ErbB signaling pathway,0.13343550741856694,0.26128988889500027,PRKCG,1
KEGG_2019_Mouse,Hypertrophic cardiomyopathy (HCM),0.1363917975983422,0.26128988889500027,CACNB3,1
KEGG_2019_Mouse,Insulin secretion,0.1363917975983422,0.26128988889500027,PRKCG,1
KEGG_2019_Mouse,Gap junction,0.1363917975983422,0.26128988889500027,PRKCG,1
KEGG_2019_Mouse,Fc gamma R-mediated phagocytosis,0.1378662695482398,0.26128988889500027,PRKCG,1
KEGG_2019_Mouse,Complement and coagulation cascades,0.1393382980115978,0.26128988889500027,C4B,1
KEGG_2019_Mouse,Dilated cardiomyopathy (DCM),0.1422750401804758,0.26128988889500027,CACNB3,1
KEGG_2019_Mouse,GABAergic synapse,0.1422750401804758,0.26128988889500027,PRKCG,1
KEGG_2019_Mouse,Morphine addiction,0.14520205536758202,0.26128988889500027,PRKCG,1
KEGG_2019_Mouse,Staphylococcus aureus infection,0.14957440843387748,0.26128988889500027,C4B,1
KEGG_2019_Mouse,Phosphatidylinositol signaling system,0.15392505118657634,0.26128988889500027,PRKCG,1
KEGG_2019_Mouse,Choline metabolism in cancer,0.15537045897664442,0.26128988889500027,PRKCG,1
KEGG_2019_Mouse,Melanogenesis,0.1568134700259566,0.26128988889500027,PRKCG,1
KEGG_2019_Mouse,Aldosterone synthesis and secretion,0.15969231715146037,0.26128988889500027,PRKCG,1
KEGG_2019_Mouse,Longevity regulating pathway,0.15969231715146037,0.26128988889500027,ADIPOR2,1
KEGG_2019_Mouse,HIF-1 signaling pathway,0.16256162332330876,0.26128988889500027,PRKCG,1
KEGG_2019_Mouse,Pancreatic secretion,0.1639927081485295,0.26128988889500027,PRKCG,1
KEGG_2019_Mouse,Amoebiasis,0.16542141923502365,0.26128988889500027,PRKCG,1
KEGG_2019_Mouse,"Parathyroid hormone synthesis, secretion and action",0.1668477603787351,0.26128988889500027,PRKCG,1
KEGG_2019_Mouse,Cholinergic synapse,0.1753562518555918,0.2688802028278592,PRKCG,1
KEGG_2019_Mouse,Leukocyte transendothelial migration,0.1781736283799067,0.2688802028278592,PRKCG,1
KEGG_2019_Mouse,Natural killer cell mediated cytotoxicity,0.1823821837951678,0.2703164509821237,PRKCG,1
KEGG_2019_Mouse,Sphingolipid signaling pathway,0.1907366319823037,0.2741570551912102,PRKCG,1
KEGG_2019_Mouse,AMPK signaling pathway,0.19350299066789908,0.2741570551912102,ADIPOR2,1
KEGG_2019_Mouse,Inflammatory mediator regulation of TRP channels,0.19488272597929399,0.2741570551912102,PRKCG,1
KEGG_2019_Mouse,Serotonergic synapse,0.2017471095290741,0.27908350151521916,PRKCG,1
KEGG_2019_Mouse,Vascular smooth muscle contraction,0.2126121311159233,0.28819450675731123,PRKCG,1
KEGG_2019_Mouse,Fluid shear stress and atherosclerosis,0.21664939505598066,0.28819450675731123,SDC4,1
KEGG_2019_Mouse,Adrenergic signaling in cardiomyocytes,0.22333356081713476,0.28819450675731123,CACNB3,1
KEGG_2019_Mouse,Retrograde endocannabinoid signaling,0.22599169825673165,0.28819450675731123,PRKCG,1
KEGG_2019_Mouse,Non-alcoholic fatty liver disease (NAFLD),0.22731745365507097,0.28819450675731123,ADIPOR2,1
KEGG_2019_Mouse,mTOR signaling pathway,0.23128150921249838,0.28819450675731123,PRKCG,1
KEGG_2019_Mouse,Hippo signaling pathway,0.23784444567525115,0.28819450675731123,FAT4,1
KEGG_2019_Mouse,Wnt signaling pathway,0.23915049131823107,0.28819450675731123,PRKCG,1
KEGG_2019_Mouse,Protein processing in endoplasmic reticulum,0.24305560810857574,0.28819450675731123,HSPH1,1
KEGG_2019_Mouse,Hepatitis B,0.24305560810857574,0.28819450675731123,PRKCG,1
KEGG_2019_Mouse,Cell adhesion molecules (CAMs),0.2520920445975077,0.29208436182414027,SDC4,1
KEGG_2019_Mouse,Hepatocellular carcinoma,0.2533743861607,0.29208436182414027,PRKCG,1
KEGG_2019_Mouse,Alzheimer disease,0.25848244575879503,0.29389099997232865,GRIN2B,1
KEGG_2019_Mouse,Axon guidance,0.2648198375726118,0.29702765565576733,UNC5D,1
KEGG_2019_Mouse,Calcium signaling pathway,0.2760949183840337,0.30554504301166396,PRKCG,1
KEGG_2019_Mouse,Huntington disease,0.27981584472363563,0.30558835673765467,GRIN2B,1
KEGG_2019_Mouse,Alcoholism,0.28842595986306,0.3069148034440254,GRIN2B,1
KEGG_2019_Mouse,Focal adhesion,0.28842595986306,0.3069148034440254,PRKCG,1
KEGG_2019_Mouse,cAMP signaling pathway,0.30295425495305484,0.318293710900045,GRIN2B,1
KEGG_2019_Mouse,Epstein-Barr virus infection,0.32420829227647513,0.33636610323684296,VIM,1
KEGG_2019_Mouse,Human immunodeficiency virus 1 infection,0.3345980767903535,0.3428597576987574,PRKCG,1
KEGG_2019_Mouse,Human cytomegalovirus infection,0.3538018476968448,0.3581165043760746,PRKCG,1
KEGG_2019_Mouse,Pathways in cancer,0.6025379409354131,0.6025379409354131,PRKCG,1
