ENSEMBL,SYMBOL,log2FoldChange,pvalue,padj
ENSMUSG00000025915,Sgk3,0.49954327908044516,0.0011789785209427065,0.045677993286693856
ENSMUSG00000067736,Gm10222,-0.23342450699587597,7.100975211185147e-5,0.006041188156081854
ENSMUSG00000100862,Atp6-ps,-0.25837298939648257,2.4155818251028478e-4,0.014268810195705773
ENSMUSG00000026074,Map4k4,-0.2067065624916973,1.2395351671514834e-4,0.009162400112600064
ENSMUSG00000026072,Il1r1,0.680070421342143,3.84835566819298e-4,0.020494766584112773
ENSMUSG00000026109,Tmeff2,-0.4102579755278174,2.348948666838536e-7,5.295704769387479e-5
ENSMUSG00000026028,Trak2,-0.28147681743244035,4.84932315200039e-5,0.0044322158295344105
ENSMUSG00000025958,Creb1,-0.22711209928649703,0.00224562502047111,0.07185816722518859
ENSMUSG00000045005,Fzd5,0.666428454118302,1.4664395045226049e-8,6.011068841720387e-6
ENSMUSG00000055322,Tns1,0.32128597175472284,1.0277940955601572e-4,0.007990213063587498
ENSMUSG00000006301,Tmbim1,-0.26342355951612645,0.0012197478492636633,0.04660883942652422
ENSMUSG00000032908,Sgpp2,-0.3871522360194888,4.914690944865208e-4,0.024441553092349882
ENSMUSG00000038608,Dock10,-0.30376522606224565,9.973771250179048e-6,0.001193939855762584
ENSMUSG00000026238,Ptma,-0.20599988209421302,6.080534110120628e-4,0.02875922549216844
ENSMUSG00000026255,Efhd1,-0.5866759612362272,1.350843828699836e-5,0.0015336971684737062
ENSMUSG00000044340,Phlpp1,-0.20627745563162564,0.0011999387719260064,0.04624379421037917
ENSMUSG00000053024,Cntn2,-0.2264603978377861,0.0018443904557936717,0.062053286962991554
ENSMUSG00000026442,Nfasc,-0.2116311503123793,1.267563104980405e-6,2.1432907651337422e-4
ENSMUSG00000026447,Pik3c2b,-0.30766127316617314,1.7198770696527825e-4,0.011239022763861442
ENSMUSG00000026424,Gpr37l1,-0.22406306620444638,2.3169498675367558e-4,0.01405475842816021
ENSMUSG00000033684,Qsox1,0.3213932140379019,3.2306854627068996e-4,0.017837339695524992
ENSMUSG00000006403,Adamts4,-0.6644127479271652,1.925168711002299e-9,1.0850732147386708e-6
ENSMUSG00000044708,Kcnj10,-0.3505033854656601,3.6450216348258815e-8,1.264261734725377e-5
ENSMUSG00000055067,Smyd3,0.22078590946795737,0.002563044411727025,0.07843959673627028
ENSMUSG00000026519,Tmem63a,-0.5064126649002387,7.164557515405316e-8,2.106847163280168e-5
ENSMUSG00000100147,1700047M11Rik,-0.5562817765942597,3.59360854542939e-4,0.01952238666426641
ENSMUSG00000026610,Esrrg,-0.5389707313840854,4.71644043692985e-6,6.379928979035009e-4
ENSMUSG00000010175,Prox1,-0.2877887328530293,0.0016304727118608992,0.05758591220193834
ENSMUSG00000025780,Itih5,0.36036729932592276,1.0576398657883601e-4,0.008128803673022243
ENSMUSG00000086006,Gm13293,-0.950566004950796,0.0015369566975535986,0.055301653681723226
ENSMUSG00000026748,Plxdc2,-0.24586161104754434,5.150942412934465e-4,0.025024338865870754
ENSMUSG00000026737,Pip4k2a,-0.3150882164961765,5.184310970964591e-4,0.025024943332868824
ENSMUSG00000058740,Kcnt1,0.31407310321168164,5.824264667084468e-7,1.0839961051709901e-4
ENSMUSG00000026932,Nacc2,-0.22952493404305102,2.725676269166546e-4,0.015557056073002474
ENSMUSG00000075415,Fnbp1,-0.23475337729038534,1.0636305163059576e-5,0.0012620815784272533
ENSMUSG00000026840,Lamc3,0.5234360704972756,0.0017592632863945876,0.06062189883708655
ENSMUSG00000039157,Eeig1,-0.2703320854286431,2.554602511158155e-4,0.01489317471919079
ENSMUSG00000026872,Zeb2,-0.4355325473119588,7.548120633885502e-8,2.127154746136858e-5
ENSMUSG00000026830,Ermn,-0.6897498503200722,3.160532035334948e-14,5.34406460524698e-11
ENSMUSG00000026991,Pkp4,-0.3336809301008761,1.2822522227520462e-9,7.541315572681274e-7
ENSMUSG00000070880,Gad1,-0.4992325569536549,2.0152064351250726e-10,1.434720918312466e-7
ENSMUSG00000041911,Dlx1,-0.400920597955236,0.0036834108301896204,0.09848441062324684
ENSMUSG00000049044,Rapgef4,-0.3113105206351366,6.785076850725316e-6,8.577732201846855e-4
ENSMUSG00000041762,Gpr155,-0.27082693801165386,9.269574580107202e-4,0.03881793759603851
ENSMUSG00000027195,Hsd17b12,-0.22039984974438867,0.0029628718635762146,0.08659748249814185
ENSMUSG00000032841,Prr5l,-0.647541799582004,4.391544858114515e-9,2.1215866891326797e-6
ENSMUSG00000027168,Pax6,-0.46872714129129145,0.002789675875823749,0.08315588116217304
ENSMUSG00000074968,Ano3,-0.42878831760755615,0.0024232913963753893,0.07570407094404132
ENSMUSG00000027210,Meis2,-0.9834568768812981,1.7124439465599582e-4,0.011239022763861442
ENSMUSG00000027298,Tyro3,-0.3532171293434253,8.888970428847056e-4,0.037693135733860225
ENSMUSG00000050211,Pla2g4e,0.5861218932616762,8.894653738130776e-5,0.007161784590219941
ENSMUSG00000027199,Gatm,-0.5357412166792989,1.9167738699937466e-13,2.5576973144518444e-10
ENSMUSG00000027200,Sema6d,-0.27754729415288315,8.506525195180634e-6,0.0010654422806963743
ENSMUSG00000027375,Mal,-0.4816267728901842,0.00277864488957718,0.08315588116217304
ENSMUSG00000027339,Rassf2,-0.2437453639927546,4.1377099530242527e-4,0.021694109509519017
ENSMUSG00000051177,Plcb1,-0.2565940760477764,1.787965315805758e-4,0.011627791743704081
ENSMUSG00000039913,Pak5,-0.36453741819568514,6.408326745263562e-4,0.029686793110678154
ENSMUSG00000074766,Ism1,0.8228049968713664,0.00335748280648814,0.09403037251214301
ENSMUSG00000054160,Nkx2-4,1.057097979307259,1.5509516910525148e-4,0.010437673395456403
ENSMUSG00000042662,Dusp15,-0.31579588369225353,0.0011311770117550999,0.04409634420176149
ENSMUSG00000038375,Trp53inp2,-0.3839324617484668,5.963743205180313e-12,5.378103622431606e-9
ENSMUSG00000037820,Tgm2,0.7880372038031401,1.770753193682977e-7,4.059826856093158e-5
ENSMUSG00000016024,Lbp,0.8263006435691526,0.003512943431923915,0.09638861217775822
ENSMUSG00000086496,Gm14204,-0.5003213568235922,4.0532055965304377e-4,0.021333740118391918
ENSMUSG00000037771,Slc32a1,-0.4366414109208553,4.417479775417112e-7,8.787536606186364e-5
ENSMUSG00000013523,Bcas1,-0.757254701653067,1.2095081535561848e-26,1.636101679315451e-22
ENSMUSG00000067578,Cbln4,0.3757723789677412,0.002235586125886705,0.07183081597356165
ENSMUSG00000008999,Bmp7,0.47916086807355696,0.0031843071344270983,0.09176984698890532
ENSMUSG00000000823,Zfp512b,0.24195129777591531,1.4195611807245738e-4,0.009838368142670978
ENSMUSG00000059540,Tcea2,0.2732031379266256,0.0018098053122385476,0.06135648235250835
ENSMUSG00000027562,Car2,-0.6485242280753424,1.295316737604152e-4,0.009369919523834954
ENSMUSG00000037625,Cldn11,-0.40699403146946944,4.978485851568992e-6,6.602350795507231e-4
ENSMUSG00000027674,Pex5l,-0.39146791179592383,9.101796182440001e-7,1.5989609994787778e-4
ENSMUSG00000105265,Sox2ot,-0.4782957845921301,4.332582066143467e-8,1.4294350636273825e-5
ENSMUSG00000037111,Setd7,-0.294955043552673,1.371903285172754e-5,0.0015336971684737062
ENSMUSG00000036580,Spart,-0.26276095636721136,3.154220846423095e-4,0.017486534995723446
ENSMUSG00000074591,Ankub1,-0.7460998759382376,1.9071260952312967e-4,0.01228461651913988
ENSMUSG00000036503,Rnf13,-0.30312321419047256,2.499010079261163e-5,0.0024674532366544344
ENSMUSG00000036353,P2ry12,-0.3967296713894615,0.0033454780977482824,0.09403037251214301
ENSMUSG00000027827,Kcnab1,-0.2935478518114504,0.0022290058294534036,0.07183081597356165
ENSMUSG00000034317,Trim59,-0.6499117304084442,2.2325496887172335e-5,0.0022537089283043298
ENSMUSG00000033910,Gucy1a1,-0.275225284896224,0.0035543623525056732,0.09715348603801051
ENSMUSG00000041842,Fhdc1,-0.5370088038469689,2.369614774800311e-4,0.014058675025756057
ENSMUSG00000028082,Sh3d19,-0.2601845666717078,0.0011260830344802105,0.044024639327785574
ENSMUSG00000028108,Ecm1,0.6406565658862695,0.002649468235768047,0.08017753204750419
ENSMUSG00000027878,Notch2,0.3027903972435523,0.0010605951473268108,0.042698424279433836
ENSMUSG00000105891,A230001M10Rik,-0.8126529933663444,3.059307940890513e-5,0.002934982873505388
ENSMUSG00000027858,Tspan2,-0.2979075142647085,2.0183101586883798e-4,0.01275779510120454
ENSMUSG00000068747,Sort1,-0.24655124360074704,2.9230328710784032e-5,0.002824276117648397
ENSMUSG00000045092,S1pr1,-0.3064755024214868,9.115317214280287e-4,0.03829282483154331
ENSMUSG00000068696,Gpr88,-0.6034121961739982,4.515235899628906e-4,0.02322342053774913
ENSMUSG00000032854,Ugt8a,-1.0306765344186202,5.047002967778212e-19,1.7067702286283968e-15
ENSMUSG00000041220,Elovl6,-0.3146541031862537,1.99940042207213e-5,0.002064571718272496
ENSMUSG00000036745,Ttll7,-0.29970497229898174,1.4511261445480726e-7,3.635070992092922e-5
ENSMUSG00000028243,Ubxn2b,-0.28265371700261677,0.003114472810730721,0.09040659594582502
ENSMUSG00000055373,Fut9,-0.20735043981800025,0.00202607300069545,0.0670090207344923
ENSMUSG00000023267,Gabrr2,0.8158277778383645,0.0033480796098500844,0.09403037251214301
ENSMUSG00000073910,Mob3b,-0.7474089106112144,4.386397510669461e-6,6.05457133947202e-4
ENSMUSG00000046312,Myorg,-0.2702879498550944,0.0015686879289958568,0.055992947131038424
ENSMUSG00000028328,Tmod1,-0.4235216904801984,7.734926821773487e-4,0.03419292650919279
ENSMUSG00000015243,Abca1,0.2651796440542893,2.162953146097657e-4,0.013421223489570186
ENSMUSG00000028412,Slc44a1,-0.2516311732976594,2.2926958737379624e-4,0.01405475842816021
ENSMUSG00000003032,Klf4,0.7267430426575443,0.0033517625455123244,0.09403037251214301
ENSMUSG00000038668,Lpar1,-0.68841943737397715,3.654058702408228e-13,4.1190376722896753e-10
ENSMUSG00000038630,Zkscan16,0.28235656462858577,3.5908174679030772e-6,5.112946093507886e-4
ENSMUSG00000028399,Ptprd,-0.26796814596443724,7.409457317667028e-7,1.3363697218144252e-4
ENSMUSG00000081225,Cyp2j12,-1.1715987537912342,7.365085727637203e-5,0.006188044387437792
ENSMUSG00000028552,Eps15,-0.21904817136388272,9.913027999155467e-4,0.04067211844805804
ENSMUSG00000034210,Efcab14,-0.24718822363131365,9.297709603841559e-4,0.03881793759603851
ENSMUSG00000050854,Tmem125,-0.7348687973726543,4.312930286203618e-4,0.022438849223644745
ENSMUSG00000028645,Slc2a1,0.3078585620022656,8.388684240252755e-4,0.03636978580701892
ENSMUSG00000028626,Col9a2,0.3767631084785284,0.0032726146767825324,0.09319717627965751
ENSMUSG00000028656,Cap1,-0.24641159719932554,9.172051821938943e-6,0.0011326209216461504
ENSMUSG00000028655,Mfsd2a,0.451122460974487,0.0012987965373051594,0.0485326540334997
ENSMUSG00000028654,Mycl,0.4722233838012559,0.0017297765106075208,0.06015086596140857
ENSMUSG00000028842,Ago3,-0.24018893927654683,1.425534232249214e-4,0.009838368142670978
ENSMUSG00000001334,Fndc5,-0.43498043452781693,1.6786679679066574e-7,3.915058896874716e-5
ENSMUSG00000028862,Map3k6,1.0353601053341739,5.348851863362707e-7,1.0336274165101048e-4
ENSMUSG00000037242,Clic4,-0.2772895349460949,1.4891911832897063e-4,0.01007214456817993
ENSMUSG00000001089,Luzp1,-0.22138751662409362,6.245182301346857e-4,0.029231342903224548
ENSMUSG00000041120,Nbl1,0.378335348660414,0.0028446943474820094,0.08401786121919026
ENSMUSG00000028927,Padi2,-0.5662540788661138,2.6665964819342595e-4,0.015304002392530405
ENSMUSG00000019055,Plod1,-0.38173074219341213,1.972018445567016e-4,0.012642413987291483
ENSMUSG00000028957,Per3,0.2106634481515316,0.0014815837978996193,0.05409645386350757
ENSMUSG00000073680,Tmem278,-0.688654959076072,2.0798898838597092e-13,2.5576973144518444e-10
ENSMUSG00000040584,Abcb1a,0.3034135027608073,6.577552701347847e-4,0.030160866234282144
ENSMUSG00000003974,Grm3,-0.48247767352187854,8.642043446912456e-9,3.7709974743995098e-6
ENSMUSG00000063531,Sema3e,-0.6311773231098515,3.8367390091491603e-4,0.020494766584112773
ENSMUSG00000057614,Gnai1,-0.22077370816063918,4.630464019673513e-4,0.023547476238392335
ENSMUSG00000028978,Nos3,0.4817351844206345,0.0010902299674037243,0.04363177742328455
ENSMUSG00000038181,Chpf2,0.22911532470351034,0.0036532906583109774,0.09844235604576212
ENSMUSG00000059866,Tnip2,0.3367993315309859,0.0033030943792809173,0.0938675581271701
ENSMUSG00000015806,Qdpr,-0.4979182652882098,7.428129669495075e-8,2.127154746136858e-5
ENSMUSG00000029167,Ppargc1a,-0.22606534727837765,0.00279834776251293,0.08315588116217304
ENSMUSG00000037999,Arap2,-0.22820469175722768,7.726143797756139e-4,0.03419292650919279
ENSMUSG00000037720,Tmem33,-0.22617561997428215,2.3485036117700458e-4,0.014056729361244871
ENSMUSG00000036256,Igfbp7,0.5887905348468574,0.0017912357701830963,0.061032862124097594
ENSMUSG00000029484,Anxa3,0.6972712678312695,0.0017612483361406828,0.06062189883708655
ENSMUSG00000034663,Bmp2k,-0.28703648150753724,0.0023987384830499387,0.07528476904922626
ENSMUSG00000029313,Aff1,0.381958914086912,0.0016668962986830119,0.058321346711958266
ENSMUSG00000070639,Lrrc8b,-0.30157952885740846,1.465005074842646e-4,0.010009179323459278
ENSMUSG00000029287,Tgfbr3,0.35236756041803147,0.0028010976181748397,0.08315588116217304
ENSMUSG00000097767,Miat,0.20285839604264364,0.0018573969677914148,0.06219061580028334
ENSMUSG00000042249,Grk3,0.2020628594090752,1.7097100175888106e-4,0.011239022763861442
ENSMUSG00000042010,Acacb,0.46450543939639727,0.0013774696959257002,0.05090992507318838
ENSMUSG00000011884,Gltp,-0.4752971323339631,2.819397342779967e-7,6.151288363836229e-5
ENSMUSG00000029675,Eln,0.6227624421007819,5.059124379605946e-4,0.024885372902883503
ENSMUSG00000037411,Serpine1,1.1425632798785545,7.096353061979249e-4,0.031997455956464436
ENSMUSG00000056966,Gjc3,-0.48561232722915343,9.536767800714272e-11,7.166881002236776e-8
ENSMUSG00000048988,Elfn1,-0.3311096413281564,0.003555184119820744,0.09715348603801051
ENSMUSG00000000149,Gna12,-0.40882804108884085,2.4509697942709767e-8,9.472648116315285e-6
ENSMUSG00000029657,Hsph1,-0.31585813121279693,1.3166531215745651e-5,0.0015093531165711138
ENSMUSG00000032766,Gng11,-0.6212263715281849,0.0014989053618187822,0.054358425815878464
ENSMUSG00000090063,Dlx6os1,-0.5284329567430952,0.0010564988335198995,0.042660476779175165
ENSMUSG00000048022,Tmem229a,-0.3602431338205854,3.188324840577219e-5,0.0030159769313628003
ENSMUSG00000039904,Gpr37,-0.48346228364358945,5.460400475653399e-8,1.7177404007945003e-5
ENSMUSG00000029838,Ptn,-0.3592139170860769,2.8676454211940828e-9,1.491947677403552e-6
ENSMUSG00000061436,Hipk2,-0.20768979121560552,1.6929408747003113e-5,0.0018031819852024496
ENSMUSG00000029851,Tcaf2,3.282335943570556,6.506578997317987e-17,1.7602898819344082e-13
ENSMUSG00000033542,Arhgef5,0.6946194651250611,5.095942322989069e-4,0.02497565645038882
ENSMUSG00000025823,Pdia4,-0.31886382901397503,0.0021045450759603315,0.06926564779200829
ENSMUSG00000029819,Npy,1.065495016612332,4.6125100046219444e-4,0.023544687861328698
ENSMUSG00000063694,Cycs,-0.277157010245897,1.5702923249272743e-4,0.010515516969946157
ENSMUSG00000053007,Creb5,-0.5894773187462665,5.575716320120036e-6,7.322593656530459e-4
ENSMUSG00000004633,Chn2,-0.41345914609525763,1.4251768981626776e-5,0.0015673469838574422
ENSMUSG00000004347,Pde1c,-0.31990595909063774,0.0025492711360070156,0.07819499015139887
ENSMUSG00000043162,Pyurf,-0.42052070488063104,0.0023207716065505256,0.0735200878730889
ENSMUSG00000033720,Sfxn5,-0.2192388684124423,8.520035231632128e-4,0.036671082777276286
ENSMUSG00000054226,Tprkb,-0.2707057236966321,6.827816248546342e-4,0.0309932450986867
ENSMUSG00000029999,Tgfa,-0.3105983663628517,0.001256619524067082,0.04762462787659117
ENSMUSG00000030096,Slc6a6,0.21894278470342413,0.0011100590382874492,0.04392440943600763
ENSMUSG00000030064,Frmd4b,-0.29918961337863176,9.442067867971104e-4,0.03917878897240648
ENSMUSG00000030276,Ttll3,0.3359701469514267,0.0034141782951330715,0.09502796254787049
ENSMUSG00000030302,Atp2b2,-0.22683202894519983,0.0017726762158408033,0.06071530433660653
ENSMUSG00000042213,Zfand4,0.45215928773093655,0.0037341075282458307,0.09943163884760109
ENSMUSG00000045962,Wnk1,-0.29293253965988647,3.2916329422958515e-8,1.171734705537789e-5
ENSMUSG00000001930,Vwf,1.2294077480574122,2.6539950164174485e-7,5.8853427191932504e-5
ENSMUSG00000045534,Kcna5,0.5650822528196067,3.5925294730981345e-4,0.01952238666426641
ENSMUSG00000030350,Prmt8,-0.438827638099893,0.0025804410816803835,0.07879373930449333
ENSMUSG00000030237,Slco1a4,0.24783274486830129,0.002883282522941485,0.08479819368265161
ENSMUSG00000035545,Leng8,0.21355818932532647,3.0936101051176626e-5,0.00294699041492441
ENSMUSG00000004328,Hif3a,1.2535043123510115,6.715021717473462e-7,1.2274878212468042e-4
ENSMUSG00000037166,Ppp1r14a,-0.4819493332288994,4.695894165171879e-4,0.02370200013891045
ENSMUSG00000006307,Kmt2b,0.2209151311686494,1.9864331409045178e-4,0.012674755234441231
ENSMUSG00000036634,Mag,-0.5746439419941551,2.017001090245088e-12,1.948855267696093e-9
ENSMUSG00000050063,Klk6,-1.2864020984550604,2.480350638755552e-5,0.0024670369919445848
ENSMUSG00000038695,Josd2,-0.3003586018837642,9.190050747809573e-5,0.007353703581633144
ENSMUSG00000030739,Myh14,-0.2682877694442538,0.001837362134070371,0.062053286962991554
ENSMUSG00000074093,Svip,-0.24984537568442017,0.0027269431503933223,0.08197191110082326
ENSMUSG00000025324,Atp10a,0.392792127657507,4.686107678097178e-4,0.02370200013891045
ENSMUSG00000033585,Ndn,0.5975721975565609,0.0025092142326756327,0.07749347243242759
ENSMUSG00000030541,Idh2,0.3181410982872526,2.433344308807911e-4,0.014311238463149831
ENSMUSG00000097789,Ctxnd1,-0.9422136397628397,2.918348304513003e-8,1.0669323652742538e-5
ENSMUSG00000049583,Grm5,-0.24367519390675352,1.1527011183615449e-5,0.0013441886231100532
ENSMUSG00000030616,Sytl2,-0.4472781530915578,6.787135640923843e-5,0.005885229731716463
ENSMUSG00000049580,Tsku,0.7877124553112981,6.442493847282679e-4,0.02974321306218184
ENSMUSG00000030701,Plekhb1,-0.31966542495014605,2.067269791249144e-5,0.0021025532681373813
ENSMUSG00000030788,Rnf141,-0.31212524969571226,1.7063697562700273e-5,0.0018032862260206764
ENSMUSG00000048782,Insc,-0.6827505931975415,0.002022899152177959,0.0670090207344923
ENSMUSG00000051910,Sox6,-0.30036245948068435,0.0022470617828235953,0.07185816722518859
ENSMUSG00000033904,Ccp110,-0.31451594046370096,4.3587864476288357e-7,8.787536606186364e-5
ENSMUSG00000008734,Gprc5b,-0.2067156200873762,2.582650106560504e-4,0.014929704269847837
ENSMUSG00000063317,Usp31,-0.301341083447697,6.0321451137252895e-5,0.005298495256711818
ENSMUSG00000030757,Zkscan2,0.22890588138725848,0.0027369735368498226,0.08209100007309877
ENSMUSG00000030711,Sult1a1,1.0173769550326939,1.9715430404748987e-6,2.966311442566623e-4
ENSMUSG00000030849,Fgfr2,-0.5079030305115412,0.001848708113113447,0.062053286962991554
ENSMUSG00000030956,Fam53b,-0.267311378067677,0.0022326749929681253,0.07183081597356165
ENSMUSG00000030994,D7Ertd443e,-0.37082845474186865,0.003564665791723578,0.09721619791259041
ENSMUSG00000110027,C030029H02Rik,-0.8191589823576014,2.0010989095072532e-4,0.012708387299955218
ENSMUSG00000055629,B4galnt4,0.20398601098139932,0.001524832382946302,0.0551508225778466
ENSMUSG00000086844,B230206H07Rik,-0.7731232924643073,1.2080061407129394e-4,0.009024114872843478
ENSMUSG00000031503,Col4a2,0.2834879015797582,1.8044947000486227e-4,0.011679138663903216
ENSMUSG00000015341,Golga7,-0.2954259166572484,1.0164116151083429e-4,0.007947398796283558
ENSMUSG00000038173,Enpp6,-0.7896581235964346,1.7884301487899733e-5,0.0018753561723009278
ENSMUSG00000011306,Sugp1,0.24613085261773077,0.0015946520360589414,0.056616425437714696
ENSMUSG00000007594,Hapln4,-0.31609577149383145,4.0238789170662367e-4,0.021262113324669915
ENSMUSG00000002341,Ncan,-0.2142252544646863,0.0020151445400515247,0.066975086469968
ENSMUSG00000031714,Gab1,-0.47195359085728866,1.1139196584476201e-11,9.417494512388098e-9
ENSMUSG00000036902,Neto2,-0.25066746812620494,0.003624088788191604,0.09797650932719829
ENSMUSG00000036879,Phkb,-0.2352651892911209,0.00336663325629221,0.09409183483029902
ENSMUSG00000031665,Sall1,-0.39549692176711865,7.467957831231083e-4,0.033339625604971244
ENSMUSG00000031775,Pllp,-0.5829705451185878,1.7739473512118002e-13,2.5576973144518444e-10
ENSMUSG00000031790,Mmp15,-0.32780661069048933,8.251957134530022e-4,0.036007814244770196
ENSMUSG00000005705,Agrp,1.8800348129882098,3.712425328874366e-9,1.8599250897660573e-6
ENSMUSG00000033579,Fa2h,-0.631948613626427,5.543774058588516e-7,1.0562060801482656e-4
ENSMUSG00000045246,Kcng4,-0.7446760287460665,0.0025208063735229526,0.07767414080784733
ENSMUSG00000031980,Agt,0.4169122089793722,4.008263129315261e-8,1.3554943837561885e-5
ENSMUSG00000074505,Fat3,-0.22241332169073158,1.3840343787288096e-4,0.009802006827782516
ENSMUSG00000001774,Chordc1,-0.3689224457222384,1.9918391309482974e-6,2.966311442566623e-4
ENSMUSG00000037405,Icam1,1.4927081055075955,1.8675491450298594e-6,2.9083398660745936e-4
ENSMUSG00000045087,S1pr5,-0.5588390491230498,1.1360944665806531e-4,0.008585446843260612
ENSMUSG00000032198,Dock6,0.25840885178703993,9.031327105133608e-4,0.03805818123088546
ENSMUSG00000036777,Anln,-0.5173326184336534,2.4285159133175907e-5,0.002433372945144226
ENSMUSG00000043067,Dpy19l1,-0.25018649570568996,0.0010553084014585912,0.042660476779175165
ENSMUSG00000032118,Fez1,-0.2016358332207755,0.0011358431361219799,0.04415100604115523
ENSMUSG00000032020,Ubash3b,-0.42934670781192286,1.317732809784494e-6,2.173777038774982e-4
ENSMUSG00000048537,Phldb1,-0.5052679181526895,1.4006498329825644e-14,2.706655755822164e-11
ENSMUSG00000066705,Fxyd6,0.21582631393465826,0.0010660990397044433,0.04279264602398221
ENSMUSG00000099696,2900052N01Rik,0.7389337975949295,0.0032658297117965575,0.09319717627965751
ENSMUSG00000066687,Zbtb16,1.0739926999845244,7.632415095873783e-5,0.00633396803692544
ENSMUSG00000032060,Cryab,-1.0290040184295994,1.214156063323363e-4,0.009024114872843478
ENSMUSG00000078307,AI593442,-0.3469157128465181,1.1960974723255906e-4,0.008988672504526814
ENSMUSG00000041986,Elmod1,-0.22673605095832292,3.113186022490688e-4,0.017401680713318816
ENSMUSG00000032394,Igdcc3,0.7644552449070097,5.143387165907742e-4,0.025024338865870754
ENSMUSG00000032231,Anxa2,0.5684317673365004,0.0036701375590305237,0.09848441062324684
ENSMUSG00000032220,Myo1e,-0.4640007296516574,1.4650828018370203e-4,0.010009179323459278
ENSMUSG00000034858,Atosa,0.31087981104066076,9.337854183938797e-5,0.00738673412550527
ENSMUSG00000032349,Elovl5,-0.2873306031530922,4.891388036339503e-4,0.024415426556296842
ENSMUSG00000033577,Myo6,-0.25005998278371994,1.100895045742256e-5,0.0012949397638048258
ENSMUSG00000032418,Me1,-0.251968279870059,8.649516740417616e-4,0.03702595346443959
ENSMUSG00000037784,Dzip1l,0.2819578486159944,0.0016901645936923822,0.058924887780610453
ENSMUSG00000032554,Trf,-0.7091463396317441,1.0393915215842738e-24,7.029924556235235e-21
ENSMUSG00000010064,Slc38a3,-0.2451828539342435,6.27043278110456e-4,0.0292483255965522
ENSMUSG00000052911,Lamb2,0.43008300596687754,5.102790441228393e-5,0.004601696419899766
ENSMUSG00000066357,Wdr6,0.21547488424007868,8.92004283549013e-4,0.037706693573648434
ENSMUSG00000032479,Map4,-0.2010421234928871,1.8624490503899807e-6,2.9083398660745936e-4
ENSMUSG00000098973,Mir6236,-12.819665662006734,1.6439961839981983e-6,2.6793176362582686e-4
ENSMUSG00000056724,Nbeal2,0.24348848910836665,7.346044520812593e-4,0.03290395504405031
ENSMUSG00000036737,Oxsr1,-0.2146134991421254,9.922228940533121e-4,0.04067211844805804
ENSMUSG00000032517,Mobp,-0.45618208251171494,2.3373780519744775e-4,0.01405475842816021
ENSMUSG00000035202,Lars2,-6.8052473541932414,4.699494247005386e-6,6.379928979035009e-4
ENSMUSG00000037370,Enpp1,-0.519918119895274,0.0013543433010521975,0.05033022481684911
ENSMUSG00000019874,Fabp7,-0.5524461115899519,3.1017796816357527e-4,0.017401680713318816
ENSMUSG00000057337,Chst3,-1.0899536780538732,1.6774337936288767e-5,0.0018008449941601442
ENSMUSG00000020099,Unc5b,-0.5224396515725603,8.700152946826693e-10,5.349407677805667e-7
ENSMUSG00000019873,Reep3,-0.24554152022985593,8.007743923982789e-4,0.03505525956625087
ENSMUSG00000057134,Ado,-0.32549816136487697,8.626275213748834e-5,0.006987282923136556
ENSMUSG00000037747,Phyhipl,-0.25829728544353475,1.265150602275592e-4,0.009200909783323618
ENSMUSG00000111994,A330049N07Rik,-0.7197733940726442,0.0013393284594488573,0.04990935556739585
ENSMUSG00000033208,S100b,-0.351295596532261,2.7477946098372274e-5,0.0026740588264221707
ENSMUSG00000020231,Dip2a,-0.25024761704096565,1.5735612487041836e-5,0.0017165776621952816
ENSMUSG00000001435,Col18a1,0.5178809060549189,9.367450856146215e-4,0.03898877160956611
ENSMUSG00000020331,Hcn2,-0.31171679376888545,6.493443214816228e-6,8.365410130173248e-4
ENSMUSG00000045193,Cirbp,0.34064823228867347,6.791453424001584e-4,0.03093198332204358
ENSMUSG00000020131,Pcsk4,0.49481909639426946,0.0034337002802126504,0.0951796387099109
ENSMUSG00000035486,Plk5,0.5748008379592131,0.0014836833284069867,0.05409645386350757
ENSMUSG00000048240,Gng7,-0.33079774916662535,8.337090685721755e-4,0.03626232337805729
ENSMUSG00000112117,Rmst,0.29377708263250135,0.0012746675967682123,0.04789563494856558
ENSMUSG00000020029,Nudt4,-0.20310876416727724,0.0011048539621089483,0.04392440943600763
ENSMUSG00000020154,Ptprb,0.24059792668945099,0.0022216641193722256,0.07183081597356165
ENSMUSG00000074657,Kif5a,-0.23608061211335107,5.046582448274571e-7,9.893495764900018e-5
ENSMUSG00000025407,Gli1,0.47490983109638846,0.0011105306444233465,0.04392440943600763
ENSMUSG00000034579,Pla2g3,1.1615662635045518,1.870522424399273e-6,2.9083398660745936e-4
ENSMUSG00000034570,Inpp5j,-0.3093260997115482,1.4192382565903026e-4,0.009838368142670978
ENSMUSG00000020396,Nefh,-0.38838373804840853,8.375189051576029e-5,0.006866132260646603
ENSMUSG00000010803,Gabra1,-0.24623432526071665,5.926445102952722e-5,0.005239674699845847
ENSMUSG00000007653,Gabrb2,-0.2546306327354151,5.198498615018954e-4,0.025024943332868824
ENSMUSG00000020387,Jade2,0.25439224308298075,4.812802785489274e-5,0.0044287607673002315
ENSMUSG00000018593,Sparc,0.2575354800078423,9.469178701333017e-6,0.0011539601828192048
ENSMUSG00000043448,Gjc2,-0.9324904291043761,1.585394767920297e-8,6.307539713428782e-6
ENSMUSG00000072893,4933439C10Rik,0.2976477143522142,0.00373139302714967,0.09943163884760109
ENSMUSG00000042331,Specc1,-0.32429526241746515,5.849908751199991e-7,1.0839961051709901e-4
ENSMUSG00000018566,Slc2a4,1.0999801483193752,4.7905422042772986e-4,0.024089838065895545
ENSMUSG00000040938,Slc16a11,0.3860056487916903,0.0013733312599675679,0.05089603274953778
ENSMUSG00000020774,Aspa,-0.42637660386181697,0.0034438274633351667,0.09526514130170716
ENSMUSG00000020841,Cpd,-0.2167196569594072,5.429071250781851e-4,0.025950193218843145
ENSMUSG00000017376,Nlk,-0.2190105580189186,0.003341028541981288,0.09403037251214301
ENSMUSG00000078771,Evi2a,-0.6037131137316776,9.210342380503922e-6,0.0011326209216461504
ENSMUSG00000035441,Myo1d,-0.3953598258385976,4.5085398540368946e-5,0.004177193055175141
ENSMUSG00000035413,Tmem98,-0.583057126199344,0.0012130854484414262,0.04651122757508054
ENSMUSG00000018427,Ypel2,-0.3237135194196072,2.1309174454240938e-4,0.013344870501968387
ENSMUSG00000046442,Ppm1e,-0.2155966372011861,2.819115269553639e-4,0.016022761450105914
ENSMUSG00000020486,Septin4,-0.37389817102275846,4.087109224716882e-6,5.758992341952632e-4
ENSMUSG00000034156,Tspoap1,0.2736033928401217,1.4144476389180987e-4,0.009838368142670978
ENSMUSG00000020864,Ankrd40,-0.2317011671245654,7.947842285009926e-4,0.03501969465450465
ENSMUSG00000000120,Ngfr,-0.9967216919668603,2.4484959500850444e-4,0.01433801069991359
ENSMUSG00000070337,Gpr179,0.624616686647355,8.427430632756566e-5,0.006867340612608317
ENSMUSG00000018537,Pcgf2,0.30021668897588605,0.001238983119914735,0.047210492008694704
ENSMUSG00000006782,Cnp,-0.477724523760807,5.377654518778898e-10,3.637176633776108e-7
ENSMUSG00000034255,Arhgap27,0.32931032154254464,0.0017395286865884625,0.06018057428000546
ENSMUSG00000020695,Mrc2,0.544585206987138,0.002964044828612381,0.08659748249814185
ENSMUSG00000020717,Pecam1,0.4429229240501903,3.986014050345717e-4,0.021144632180010395
ENSMUSG00000020604,Arsg,-0.307522272119043,0.002491158245509748,0.077111893791785735
ENSMUSG00000034714,Ttyh2,-0.29961544910501003,5.00825475269845e-4,0.024725059138595594
ENSMUSG00000020758,Itgb4,-0.5526909658481468,2.035226399972178e-5,0.0020856445085169436
ENSMUSG00000035133,Arhgap5,-0.2128478627338764,1.7085259297950186e-4,0.011239022763861442
ENSMUSG00000112343,Sfta3,0.5639797714653046,0.0014949350985785077,0.054358425815878464
ENSMUSG00000021057,Akap5,-0.4222449976062967,5.9410316670324e-4,0.028198012406999044
ENSMUSG00000060716,Plekhh1,-0.4438977127011175,1.6634615335283358e-5,0.0018001315331230238
ENSMUSG00000032705,Exd2,-0.2097555398022599,0.0028836526276350806,0.08479819368265161
ENSMUSG00000021133,Susd6,0.3036055956947638,5.161373951044533e-4,0.025024338865870754
ENSMUSG00000021136,Smoc1,0.3687730961126361,0.0012137549592669055,0.04651122757508054
ENSMUSG00000021245,Mlh3,-0.32842534429559694,0.0015538203632916414,0.055752063804366134
ENSMUSG00000021032,Ngb,0.43942310243360694,9.396838778066694e-5,0.007390176636680707
ENSMUSG00000066392,Nrxn3,-0.21351492637573452,0.0012609085078952307,0.04762462787659117
ENSMUSG00000033713,Foxn3,-0.2520710879121278,3.3926672146214724e-5,0.003186986764735046
ENSMUSG00000058070,Eml1,-0.28630046355109084,0.0021695703606911814,0.07105999580888525
ENSMUSG00000021143,Pacs2,-0.26846706526060427,3.448293246252267e-7,7.067433748796124e-5
ENSMUSG00000048562,Sp8,-0.957004739675209,0.001649423817491109,0.05810353119583914
ENSMUSG00000021215,Net1,0.5921919847469849,4.460580583193887e-8,1.436625560687231e-5
ENSMUSG00000099583,H3c4,-0.6362309556173092,0.0015693778295604382,0.055992947131038424
ENSMUSG00000018102,H2bc4,-0.3991262721532861,0.0021136279163136776,0.06939573986401727
ENSMUSG00000038732,Mboat1,-0.6813107668414992,0.0017767155484108067,0.06071530433660653
ENSMUSG00000044734,Serpinb1a,-1.1245690435146989,4.578391742410484e-9,2.135582934468504e-6
ENSMUSG00000091264,Smim13,-0.2613798461517904,7.617112802253096e-4,0.03389364634081501
ENSMUSG00000054728,Phactr1,-0.2456876374320338,5.2416704745695335e-5,0.00469563420592729
ENSMUSG00000025871,4833439L19Rik,-0.21083147766731195,8.539506967429608e-4,0.036671082777276286
ENSMUSG00000021573,Tppp,-0.23572269009862648,1.529553873573818e-7,3.7618682268787336e-5
ENSMUSG00000034488,Edil3,-0.24200334960476644,1.3605207357420964e-4,0.009704018038421854
ENSMUSG00000021703,Serinc5,-0.49512051323560213,4.0159714469638973e-13,4.1787727510062023e-10
ENSMUSG00000021709,Erbin,-0.2661053574882699,2.1427626389831342e-4,0.013357212081808689
ENSMUSG00000021719,Rgs7bp,-0.3448379411277224,3.2961095730458503e-7,6.966636592904877e-5
ENSMUSG00000021696,Elovl7,-0.49615255424424815,0.002222001103533896,0.07183081597356165
ENSMUSG00000025278,Flnb,0.20844939573049534,6.341288147273575e-4,0.029477183769130465
ENSMUSG00000006522,Itih3,0.42237615627974784,7.305818349532406e-9,3.2941934938041614e-6
ENSMUSG00000014496,Ankrd28,-0.2619164705925963,1.0361758121404696e-4,0.008009342977613791
ENSMUSG00000040759,Cmtm5,-0.5675220379558364,1.9955225938756757e-6,2.966311442566623e-4
ENSMUSG00000040701,Ap1g2,0.5242399826072845,0.0015371791072911903,0.055301653681723226
ENSMUSG00000040055,Gjb6,0.2622818857739548,6.975593993782768e-4,0.03155814714177241
ENSMUSG00000060012,Kif13b,-0.2636968602887404,0.0011160575576450787,0.04401150771619753
ENSMUSG00000022054,Nefm,-0.5857116235235774,2.3153919643912986e-4,0.01405475842816021
ENSMUSG00000022055,Nefl,-0.24347747770288658,1.2554826824659728e-4,0.00917995364633363
ENSMUSG00000033595,Lgi3,-0.2656877665590152,2.2174293492345146e-4,0.013696423199586886
ENSMUSG00000055717,Slain1,-0.390707734149845,2.924500464033437e-7,6.279320282060366e-5
ENSMUSG00000022122,Ednrb,-0.4272078374264545,1.201676173290237e-8,5.079710498780324e-6
ENSMUSG00000022186,Oxct1,-0.2054688105766368,1.3630246376137743e-4,0.009704018038421854
ENSMUSG00000022146,Osmr,0.6314615094451043,8.756848623879331e-4,0.037367158149910325
ENSMUSG00000022321,Cdh10,-0.2619428437407078,0.002186134660811131,0.07142957380867672
ENSMUSG00000022257,Laptm4b,-0.34938345196717885,3.608501594916557e-4,0.019524880429774506
ENSMUSG00000022296,Baalc,-0.2062524493523438,0.0010189651449260802,0.041642119381918696
ENSMUSG00000005125,Ndrg1,-0.24028754730536592,4.983710776532414e-4,0.024694013067455663
ENSMUSG00000022602,Arc,-0.6671841381231725,3.7454818085033215e-4,0.020105211279216044
ENSMUSG00000022594,Lynx1,-0.2032605244766561,0.003606875419236699,0.09797229677914623
ENSMUSG00000048385,Scrt1,-0.25602574027345226,0.0034558943342630696,0.09540384216240111
ENSMUSG00000005716,Pvalb,-0.682626780473394,5.814940410248427e-6,7.56333643552216e-4
ENSMUSG00000049521,Cdc42ep1,-0.4241912269328285,3.041190278805329e-4,0.017140908708916533
ENSMUSG00000033039,Micall1,-0.33722775463986815,3.3632773673824873e-6,4.8398992498492453e-4
ENSMUSG00000033006,Sox10,-0.5288428168896322,7.155945785014928e-8,2.106847163280168e-5
ENSMUSG00000075555,Gm10863,-1.2118389036504478,1.0751932929125001e-4,0.008217028063970276
ENSMUSG00000022421,Nptxr,0.21416455299672088,6.20310714954469e-4,0.029217615524952435
ENSMUSG00000053411,Cbx7,0.20528705547988882,0.0025933424801397103,0.07900933272263483
ENSMUSG00000022472,Desi1,-0.36872395141064246,1.28422848682539e-7,3.277690328544727e-5
ENSMUSG00000061740,Cyp2d22,0.3108669825816531,0.0036839736656585275,0.09848441062324684
ENSMUSG00000016664,Pacsin2,-0.24281449482202835,0.0026415615760558117,0.08017753204750419
ENSMUSG00000035805,Mlc1,-0.2304778115496535,0.0017774274057290004,0.06071530433660653
ENSMUSG00000022622,Acr,0.9099317419418204,9.953290286612562e-6,0.001193939855762584
ENSMUSG00000081534,Slc48a1,-0.2280757416925371,4.291318264863432e-4,0.022412610875987508
ENSMUSG00000022994,Adcy6,0.287773123371898,3.573599426876334e-5,0.0033337985825762874
ENSMUSG00000037003,Tns2,0.5212606929355424,4.959011783575833e-6,6.602350795507231e-4
ENSMUSG00000046897,Zfp740,0.22719353692869554,0.0024723673675926977,0.07688209972741707
ENSMUSG00000022500,Litaf,-0.37612539449210175,2.3219797032638604e-4,0.01405475842816021
ENSMUSG00000018830,Myh11,0.4997545137796554,0.00349717973731513,0.09615111850947512
ENSMUSG00000003526,Prodh,0.3512209293425486,0.0016685415226974087,0.058321346711958266
ENSMUSG00000005262,Ufd1,0.21336295155055,0.0022950911772542867,0.0730487020111029
ENSMUSG00000041205,Map6d1,-0.641297487361468,2.055878536977938e-9,1.1123947587880229e-6
ENSMUSG00000013089,Etv5,-0.28216590009991926,0.0011224935434381716,0.04401150771619753
ENSMUSG00000022523,Fgf12,-0.20655230048346537,0.002229836860206059,0.07183081597356165
ENSMUSG00000071550,Cfap44,0.31356974687913763,0.003683629542485142,0.09848441062324684
ENSMUSG00000053062,Jam2,-0.36066542775336,5.674385515816375e-5,0.005049829794240007
ENSMUSG00000039903,Eva1c,0.8166368337167673,0.0010360673794859497,0.04221350434429651
ENSMUSG00000039830,Olig2,-0.45386658934541163,1.3890388229689076e-5,0.001540125258877083
ENSMUSG00000046160,Olig1,-0.38304036937602914,1.662573645682069e-7,3.915058896874716e-5
ENSMUSG00000023805,Synj2,-0.3927933402224585,7.181291333684937e-5,0.006071332991922259
ENSMUSG00000055945,Prr18,-0.5035727308069213,3.374779736997189e-7,7.023176231132458e-5
ENSMUSG00000062078,Qki,-0.3909906733344847,1.872401293649574e-11,1.4898807234822229e-8
ENSMUSG00000080316,Spaca6,0.2571073771501467,6.537735173430987e-4,0.030080252956122773
ENSMUSG00000032855,Pkd1,0.26944866073762913,1.0781004704652126e-7,2.8045125123044094e-5
ENSMUSG00000047507,Baiap3,0.23767969790679128,4.8601815392125726e-4,0.024349509511454988
ENSMUSG00000024176,Sox8,-0.2580055994682337,0.0032175648442693537,0.09240764256567208
ENSMUSG00000002274,Metrn,-0.3529461772247002,6.858048486303516e-5,0.005908842157594118
ENSMUSG00000025728,Pigq,-0.2585499031424106,9.241735853312888e-5,0.007353703581633144
ENSMUSG00000024222,Fkbp5,1.0238606480474408,9.702386313940663e-7,1.6826176880599405e-4
ENSMUSG00000023067,Cdkn1a,1.4444117085528099,1.1641098324931363e-6,1.9932802157132475e-4
ENSMUSG00000024039,Cbs,0.3152330916092296,0.0030848403598181823,0.08993240419668222
ENSMUSG00000015478,Rnf5,-0.2508098440538991,0.003395760742345856,0.09471021765301525
ENSMUSG00000003541,Ier3,0.6344927509954231,4.6029883860479725e-4,0.023544687861328698
ENSMUSG00000076439,Mog,-0.5145143770932065,8.605097914457542e-8,2.375533867119738e-5
ENSMUSG00000056492,Adgrf5,0.3004733798522398,7.002322607269936e-5,0.005994963158768381
ENSMUSG00000023913,Pla2g7,-0.3165998726566007,2.3643870619101634e-4,0.014058675025756057
ENSMUSG00000023951,Vegfa,-0.36728031273664413,2.5653209947301356e-4,0.01489317471919079
ENSMUSG00000002831,Plin4,1.5474714092608863,7.677925255174042e-10,4.945680710797108e-7
ENSMUSG00000062591,Tubb4a,-0.26403984160518323,1.3713113812224553e-5,0.0015336971684737062
ENSMUSG00000071042,Rasgrp3,-0.555136311754275,2.6700262915925005e-4,0.015304002392530405
ENSMUSG00000024070,Prkd3,-0.37373192582669146,1.588498424180811e-4,0.01058503358812504
ENSMUSG00000033855,Ston1,0.7934053513042958,5.077257309709483e-5,0.004601696419899766
ENSMUSG00000006740,Kif5b,-0.25002804807850365,1.6602439909709578e-7,3.915058896874716e-5
ENSMUSG00000024411,Aqp4,-0.6503566539960027,2.337784169687327e-4,0.01405475842816021
ENSMUSG00000052229,Gpr17,-0.5507574706570556,3.296572846461945e-6,4.8398992498492453e-4
ENSMUSG00000033949,Trim36,-0.4489347600660259,0.0033108368337222568,0.09389033511480287
ENSMUSG00000118154,9330117O12Rik,-0.7582118104165944,0.0024884498193929964,0.077111893791785735
ENSMUSG00000024593,Megf10,-0.3708896838581286,3.3520134655371573e-6,4.8398992498492453e-4
ENSMUSG00000024597,Slc12a2,-0.22430762501242857,0.001661894473473591,0.058321346711958266
ENSMUSG00000024516,Sec11c,-0.2844187941507075,5.706139097793076e-4,0.02717850125910104
ENSMUSG00000024558,Mapk4,0.26169141533716156,0.002816712400708188,0.08337345436406927
ENSMUSG00000041607,Mbp,-0.550015883590761,8.170933021455655e-7,1.4543185655425085e-4
ENSMUSG00000059734,Ndufs8,-0.2567580258904216,0.0015729518673611742,0.055992947131038424
ENSMUSG00000061451,Tmem151a,-0.2611128985018857,6.610687837736622e-5,0.00576921125039118
ENSMUSG00000045664,Cdc42ep2,-0.7225250130105487,1.291023126102598e-6,2.1560086205913386e-4
ENSMUSG00000060675,Plaat3,-0.31958473925030473,2.860934037196335e-4,0.01619240783311917
ENSMUSG00000036098,Myrf,-0.29637945236127367,1.33060674024044e-4,0.009573998603847039
ENSMUSG00000024695,Zfp91,-0.2030032727585025,0.001739325877808389,0.06018057428000546
ENSMUSG00000024810,Il33,-0.7425956058010634,7.7063247829927585e-15,1.7373909223257173e-11
ENSMUSG00000048612,Myof,0.6560734954065385,0.0011818805093770125,0.045677993286693856
ENSMUSG00000050121,Opalin,-0.7969326707311044,2.9016321893161177e-8,1.0669323652742538e-5
ENSMUSG00000044345,Marveld1,0.4324445411587292,0.0014761337422336976,0.05409645386350757
ENSMUSG00000037578,Pkd2l1,-1.1874196105802923,4.201333328803288e-6,5.85891092151774e-4
ENSMUSG00000025203,Scd2,-0.21134431355171907,1.2351234193249494e-5,0.0014279926917272299
ENSMUSG00000025224,Gbf1,-0.22062512814365615,1.2516420970154805e-4,0.00917995364633363
ENSMUSG00000025086,Trub1,0.2777073171315657,0.003425973889314184,0.0951604698167412
ENSMUSG00000041362,Shtn1,-0.32466581804760253,1.8859265582295315e-5,0.0019623791194746825
ENSMUSG00000031167,Rbm3,0.34153538346281964,0.0016084174155613484,0.056955660681409316
ENSMUSG00000052364,B630019K06Rik,0.23256342489499382,7.145098742178651e-4,0.03211021617456831
ENSMUSG00000037010,Apln,-0.7230237222350759,1.0146168157529548e-7,2.744944333338044e-5
ENSMUSG00000061273,Mmgt1,-0.29176667421872643,0.003188573082337954,0.09176984698890532
ENSMUSG00000031385,Plxnb3,-0.5354217177313885,1.0410861022463676e-7,2.761327785311101e-5
ENSMUSG00000031328,Flna,0.3340850243719394,2.519495247528311e-5,0.002469653058935903
ENSMUSG00000025666,Tmem47,-0.2014803320260113,0.0036173315440991773,0.09797650932719829
ENSMUSG00000047797,Gjb1,-0.7331089398926983,1.929649688991398e-6,2.9661785617030273e-4
ENSMUSG00000031425,Plp1,-0.6898124587390556,2.5839880802827304e-20,1.165120225399483e-16
ENSMUSG00000031342,Gpm6b,-0.24186772777956006,6.752490111559728e-6,8.577732201846855e-4
ENSMUSG00000064341,mt-Nd1,-0.23503993593410033,1.1096013693432463e-4,0.008432347035452861
ENSMUSG00000064345,mt-Nd2,-0.3694706918973095,6.990151225684257e-8,2.106847163280168e-5
ENSMUSG00000064357,mt-Atp6,-0.23981560467513136,3.481569350768329e-4,0.019144385612944383
ENSMUSG00000064358,mt-Co3,-0.22707889302227066,1.4826383519078024e-4,0.01007214456817993
ENSMUSG00000064360,mt-Nd3,-0.36321874200627946,1.7085288365355567e-6,2.7513416156924373e-4
ENSMUSG00000065947,mt-Nd4l,-0.2337727744582548,7.453176244046395e-5,0.00622340216377874
