SYMBOL,male_LDsaline_WT,male_LDleptin_WT,male_LDsaline_LDleptin,female_LDsaline_WT,female_LDleptin_WT,female_LDsaline_LDleptin
1700047M11Rik,-0.556,-0.562,,,,
2900052N01Rik,0.739,,,,,
4833439L19Rik,-0.211,,,,,
4933439C10Rik,0.298,,,,,
9330117O12Rik,-0.758,,,,,
A230001M10Rik,-0.813,,,,,
A230057D06Rik,,0.22,,,,
A330049N07Rik,-0.72,,,,,
AI593442,-0.347,,,,,
Abca1,0.265,,,,,
Abcb1a,0.303,,,,,
Acacb,0.465,,,,,
Acr,0.91,0.705,,,,
Adamts4,-0.664,-0.56,,-0.294,,
Adamtsl1,,,,,-0.348,
Adcy1,,,,0.201,,
Adcy6,0.288,,,,,
Adcyap1,,0.509,,-0.309,,
Adgrf5,0.3,,,,,
Adipor2,,,,,,-0.266
Ado,-0.325,,,,,
Adra1d,,-1.507,,,,
Aff1,0.382,,,,,
Ago3,-0.24,,,,,
Agrp,1.88,,,,,
Agt,0.417,,,,,
Ahnak,,,,0.346,,
Akap5,-0.422,-0.616,,,,
Aldh1a1,,,,-0.718,,
Aldh1l1,,,,-0.225,,
Amigo2,,0.414,,,,
Ankrd28,-0.262,,,,,
Ankrd40,-0.232,,,,,
Ankrd63,,-1.58,,,,
Ankub1,-0.746,,,,,
Anln,-0.517,-0.555,,,,
Ano2,,-1.407,,,,
Ano3,-0.429,,,,,
Anxa2,0.568,,,,,
Anxa3,0.697,,1.026,,,
Ap1g2,0.524,,,,,
Apln,-0.723,-0.446,,,,
Apoe,,-0.3,0.348,,,
Aqp4,-0.65,,,-0.29,,
Arap2,-0.228,,,,,
Arc,-0.667,-0.633,,,,
Arhgap23,,-0.222,,,,
Arhgap27,0.329,,,,,
Arhgap5,-0.213,,,,,
Arhgef5,0.695,,,,,
Arsg,-0.308,-0.393,,,,
Aspa,-0.426,-0.524,,,,
Atosa,0.311,,,,,
Atp10a,0.393,,,,,
Atp2b2,-0.227,-0.272,,,,
Atp6-ps,-0.258,,,,,
Avil,,1.293,,,,
B230206H07Rik,-0.773,-0.654,,,,
B230323A14Rik,,0.679,,,,
B4galnt4,0.204,,,,,
B630019K06Rik,0.233,,,,,
Baalc,-0.206,,,,,
Baiap3,0.238,0.223,,,,
Bcas1,-0.757,-0.69,,-0.355,,
Bmp2k,-0.287,,,,,
Bmp7,0.479,,,,,
C030029H02Rik,-0.819,,,,,
C4b,,,,0.262,,0.304
Cacna2d1,,0.254,,,,
Cacnb3,,0.296,,0.246,,0.22
Camk2a,,,,0.274,,
Cap1,-0.246,-0.232,,,,
Car14,,-0.712,,,,
Car2,-0.649,,,,,
Car4,,-0.58,,,,
Cbln4,0.376,,,,,
Cbs,0.315,,,,,
Cbx7,0.205,,,,,
Cck,,-0.473,,,,
Ccp110,-0.315,-0.205,,,,
Cd74,,-1.244,,,,
Cdc42ep1,-0.424,,,,,
Cdc42ep2,-0.723,-0.6,,,,
Cdh10,-0.262,,,,,
Cdkn1a,1.444,,,,,
Cdr1os,,,,0.205,,
Cdr2,,-0.381,,,,
Cemip,,,,,,0.397
Cfap44,0.314,,,,,
Cfap54,,0.343,,,,
Cgnl1,,-0.478,,,,
Chn2,-0.413,-0.383,,,,
Chordc1,-0.369,,,,,
Chpf2,0.229,,,,,
Chrnb4,,2.208,,,,
Chst15,,-0.502,,,,
Chst3,-1.09,,,,,
Cirbp,0.341,,,,,
Cldn11,-0.407,-0.395,,-0.276,,
Clic4,-0.277,-0.342,,,,
Cmtm5,-0.568,-0.396,,,,
Cnp,-0.478,-0.44,,,,
Cntn2,-0.226,-0.252,,,,
Cntn4,,,,,,0.219
Cobll1,,-0.338,,,,
Col18a1,0.518,,,,,
Col4a2,0.283,,,,,
Col9a2,0.377,,,,,
Cpd,-0.217,,,,,
Cplane1,,0.21,,,,
Cplx1,,-0.531,,,,
Creb1,-0.227,,,,,
Creb5,-0.589,-0.481,,,,
Cryab,-1.029,,,,,
Csrp1,,-0.241,,,,
Ctsd,,,,-0.2,,
Cttnbp2,,,,0.228,,
Ctxnd1,-0.942,-1.164,,,,
Cx3cr1,,-0.389,,,,
Cycs,-0.277,,,,,
Cyp26b1,,,1.455,,,
Cyp2d22,0.311,,,,,
Cyp2j12,-1.172,,,,,
D630045J12Rik,,,,0.213,,
D7Ertd443e,-0.371,-0.483,,,,
Daam2,,-0.27,,,,
Dbp,,,,,,0.282
Ddc,,,,-0.649,,
Ddr1,,-0.257,,,,
Desi1,-0.369,,,,,
Dip2a,-0.25,,,,,
Dlg2,,-0.217,,,,
Dlgap1,,,,,,0.21
Dlgap2,,,,,,0.312
Dlk1,,,,-0.211,,-0.211
Dlx1,-0.401,,,,,
Dlx6os1,-0.528,,,,,
Dnah2,,0.412,,,,
Dock10,-0.304,-0.264,,,,
Dock6,0.258,,,,,
Dpy19l1,-0.25,,,,,
Dusp15,-0.316,,,,,
Dzip1l,0.282,,,,,
Ecm1,0.641,,,,,
Edil3,-0.242,,,,,
Ednrb,-0.427,-0.307,,,,
Eeig1,-0.27,-0.246,,,,
Efcab14,-0.247,,,,,
Efhd1,-0.587,,,,,
Efnb3,,-0.217,,,,
Elfn1,-0.331,,,,,
Elmod1,-0.227,-0.218,,,,
Eln,0.623,,,,,
Elovl5,-0.287,,,,,
Elovl6,-0.315,,,,,
Elovl7,-0.496,-0.509,,,,
Eml1,-0.286,,,,,
Enpp1,-0.52,,,,,
Enpp6,-0.79,-0.936,,,,
Eps15,-0.219,,,,,
Erbin,-0.266,,,,,
Ermn,-0.69,-0.628,,,,
Esrrg,-0.539,-0.558,,,,
Esyt3,,0.415,,,,
Etl4,,-0.299,,,,
Etv5,-0.282,,,,,
Eva1c,0.817,,,,,
Evi2a,-0.604,-0.588,,,,
Exd2,-0.21,,,,,
Fa2h,-0.632,-0.64,,,,
Fabp5,,,,-0.231,,
Fabp7,-0.552,-0.759,,,,
Fam53b,-0.267,,,,,
Fam81a,,,,,,0.344
Fat3,-0.222,,,,,
Fat4,,,,0.215,,0.217
Fez1,-0.202,-0.239,,,,
Fgf11,,-0.513,,,,
Fgf12,-0.207,,,,,
Fgfr2,-0.508,,,,,
Fhad1,,0.475,,,,
Fhdc1,-0.537,,,,,
Fkbp2,,-0.425,,,,
Fkbp5,1.024,,,,,
Flna,0.334,,,,,
Flnb,0.208,,,,,
Fnbp1,-0.235,-0.208,,,,
Fndc5,-0.435,-0.314,,,,
Foxn3,-0.252,-0.213,,,,
Foxo1,,,,0.22,,
Frmd4b,-0.299,-0.311,,,,
Fth1,,-0.259,,,,
Fut9,-0.207,,,,,
Fxyd6,0.216,,,,,
Fzd1,,0.414,,,,
Fzd5,0.666,0.602,,,,
Gab1,-0.472,-0.339,,,,
Gabra1,-0.246,,,,,
Gabrb2,-0.255,,,,,
Gabrq,,0.356,,,,
Gabrr2,0.816,,,,,
Gad1,-0.499,-0.555,,,,
Galnt6,,-0.493,,,,
Gatm,-0.536,-0.44,,,,
Gbf1,-0.221,,,,,
Gjb1,-0.733,-0.708,,,,
Gjb6,0.262,,,,,-0.249
Gjc2,-0.932,-0.768,,,,
Gjc3,-0.486,-0.287,,-0.226,,
Gli1,0.475,0.501,,,,
Glis3,,,,,,0.369
Gltp,-0.475,-0.452,,,,
Gm10222,-0.233,,,,,
Gm10863,-1.212,,,,,
Gm13293,-0.951,,,,,
Gm14204,-0.5,-0.504,,,,
Gm15459,,-0.316,,,,
Gm25395,,,,,,-0.456
Gm8355,,-0.398,,,,
Gna12,-0.409,-0.319,,,,
Gnai1,-0.221,,,,,
Gng11,-0.621,-0.653,,,,
Gng7,-0.331,-0.415,,,,
Golga7,-0.295,,,,,
Gpld1,,0.238,,,,
Gpm6b,-0.242,-0.221,,,,
Gpr155,-0.271,,,,,
Gpr17,-0.551,,,,,
Gpr179,0.625,0.63,,,,
Gpr37,-0.483,-0.416,,,,
Gpr37l1,-0.224,,,-0.209,,
Gpr88,-0.603,-0.616,,,,
Gprc5b,-0.207,,,,,
Gpx3,,0.411,,,,
Grik2,,,,,,0.215
Grin2b,,,,,,0.241
Grk3,0.202,,,,,
Grm3,-0.482,-0.447,,,,
Grm5,-0.244,,,,,
Gsn,,-0.374,,,,
Gucy1a1,-0.275,,,,,
H2-Aa,,-1.506,,,,
H2-Ab1,,-1.377,,,,
H2bc4,-0.399,,,,,
H3c4,-0.636,,,,,
Hapln1,,-0.818,,,,
Hapln2,,,,-0.333,,
Hapln4,-0.316,,,,,
Hcn2,-0.312,-0.249,,,,
Hdc,,0.692,,,,
Hddc3,,-0.525,,,,
Hif3a,1.254,,,,,
Hipk2,-0.208,,,,,
Hivep3,,,,0.206,,
Hsd17b12,-0.22,,,,,
Hspe1,,,,-0.205,,
Hsph1,-0.316,,,,,-0.216
Htra1,,,,-0.273,,-0.381
Icam1,1.493,,1.414,,,
Idh2,0.318,,,,,
Ier3,0.634,,,,,
Igdcc3,0.764,,,,,
Igfbp2,,-1.362,,,,
Igfbp7,0.589,,,,,
Igsf1,,,,-0.295,,
Il1r1,0.68,,,,,
Il33,-0.743,-0.573,,-0.312,,
Inf2,,-0.424,,,,
Inka2,,-0.741,,,,
Inpp5j,-0.309,-0.339,,,,
Insc,-0.683,,,,,
Irx5,,0.825,,,,
Ism1,0.823,,,,,
Itgb4,-0.553,-0.686,,,,
Itih3,0.422,0.41,,,,
Itih5,0.36,,,,,
Jade2,0.254,,,,,
Jam2,-0.361,,,,,
Josd2,-0.3,-0.314,,,,
Kank1,,,,,,-0.245
Kcna5,0.565,,,,,
Kcnab1,-0.294,,,,,
Kcnc3,,-0.421,,,,
Kcng4,-0.745,,,,,
Kcnj10,-0.351,,,,,
Kcnj13,,-2.181,2.42,,,
Kcnj5,,0.6,,,,
Kcnma1,,0.277,,,,
Kcnt1,0.314,0.251,,,,
Kif13b,-0.264,-0.256,,,,
Kif1c,,-0.255,,,,
Kif5a,-0.236,-0.226,,,,
Kif5b,-0.25,,,,,
Klf4,0.727,,,,,
Klhdc7a,,,,-0.296,,
Klk6,-1.286,-1.145,,,,
Kmt2b,0.221,,,,,
Ksr1,,,,0.224,,
Lamb2,0.43,,,,,
Lamc3,0.523,,,,,
Laptm4b,-0.349,-0.367,,,,
Lars2,-6.805,,,,,
Lbp,0.826,,,,,
Lcn2,,,2.428,,,
Ldhb,,-0.221,,,,
Leng8,0.214,,,,,
Lgi3,-0.266,-0.282,,,,
Lhx8,,-3.622,,,,
Litaf,-0.376,-0.36,,,,
Lpar1,-0.688,-0.472,,,,
Lratd1,,-0.292,,,,
Lrrc55,,0.792,,,,0.373
Lrrc8b,-0.302,,,,,
Luzp1,-0.221,-0.211,,,,
Lynx1,-0.203,,,,,
Lzts1,,-0.505,,,,
Mag,-0.575,-0.551,,,,
Mal,-0.482,,,-0.321,,
Man1a,,-0.535,,,,
Map3k6,1.035,0.756,,,,
Map4,-0.201,,,,,
Map4k4,-0.207,,,,,
Map6d1,-0.641,-0.541,,,,
Map7,,-0.219,,,,
Mapk4,0.262,,,,,
Marveld1,0.432,,,,,
Mboat1,-0.681,,,,,
Mbp,-0.55,-0.602,,,,
Me1,-0.252,,,,,
Megf10,-0.371,-0.374,,,,
Meis2,-0.983,-1.045,,,,
Met,,-1.102,,,,
Metrn,-0.353,,,,,
Mfge8,,-0.308,,,,
Mfsd2a,0.451,,,,,
Miat,0.203,,,,,
Micall1,-0.337,-0.278,,,,
Mir6236,-12.82,,,,,
Mlc1,-0.23,,,,,
Mlh3,-0.328,,,,,
Mmgt1,-0.292,,,,,
Mmp15,-0.328,,,,,
Mob3b,-0.747,-0.753,,,,
Mobp,-0.456,-0.513,,,,
Mog,-0.515,-0.47,,-0.322,,
Mrc2,0.545,,,,,
Mrtfb,,,,0.215,,
Mt3,,-0.334,,,,
Mycl,0.472,,,,,
Myh11,0.5,,,,,
Myh14,-0.268,-0.31,,,,
Myo1d,-0.395,-0.423,,,,
Myo1e,-0.464,,,,,
Myo6,-0.25,,,,,
Myof,0.656,,,,,
Myorg,-0.27,-0.287,,,,
Myrf,-0.296,-0.441,,,,
N4bp2,,,,0.225,,
Nacc2,-0.23,-0.213,,,,
Nbeal2,0.243,,,,,
Nbl1,0.378,,0.642,,,
Ncan,-0.214,-0.253,,,,
Ndn,0.598,,,,,
Ndrg1,-0.24,-0.27,,,,
Ndufs8,-0.257,,,,,
Necab2,,,,0.343,,
Nefh,-0.388,-0.404,,,,
Nefl,-0.243,-0.247,,,,
Nefm,-0.586,-0.571,,,,
Net1,0.592,,,,,
Neto2,-0.251,,,,,
Nfasc,-0.212,,,,,
Ngb,0.439,,,,,
Ngfr,-0.997,-0.904,,,,
Nhlh2,,0.615,,,,
Nkx2-1,,0.526,,,,
Nkx2-4,1.057,,,,,
Nlk,-0.219,,,,,
Nos3,0.482,,,,,
Notch2,0.303,,,,,
Npc2,,,,-0.272,,
Nptx2,,,,,,0.298
Nptxr,0.214,0.21,,,,
Npy,1.065,,,,,
Nr2f2,,-0.286,,0.28,,0.312
Nrxn3,-0.214,-0.281,,,,
Ntn1,,,,-0.325,,
Nudt4,-0.203,,,,,
Nwd2,,1.198,,,,
Olig1,-0.383,-0.23,,-0.236,,
Olig2,-0.454,-0.353,,,,
Opalin,-0.797,-0.575,,,,
Osmr,0.631,,,,,
Otof,,,,0.237,,
Oxct1,-0.205,,,,,
Oxsr1,-0.215,,,,,
P2ry12,-0.397,,,,,
Pacs2,-0.268,-0.264,,,,
Pacsin2,-0.243,,,,,
Padi2,-0.566,,,,,
Pag1,,,,0.234,,
Pak5,-0.365,,,,,
Pam,,0.214,,,,
Pappa,,-0.649,,,,
Pax6,-0.469,,,,,
Pcgf2,0.3,,,,,
Pcsk4,0.495,,,,,
Pde1c,-0.32,-0.339,,,,
Pde8a,,-0.402,,,,
Pdia4,-0.319,,,,,
Pdzd2,,-0.445,,,,
Pecam1,0.443,,,,,
Per2,,,,0.387,,
Per3,0.211,,,,,
Pex5l,-0.391,-0.348,,,,
Phactr1,-0.246,-0.39,,,,
Phkb,-0.235,,,,,
Phldb1,-0.505,-0.418,,,,
Phlpp1,-0.206,-0.22,,,,
Phyhipl,-0.258,,,,,
Pigq,-0.259,,,,,
Pik3c2b,-0.308,,,,,
Pip4k2a,-0.315,,,,,
Pkd1,0.269,,,,,
Pkd2l1,-1.187,,,,,
Pkp4,-0.334,-0.276,,,,
Pla2g3,1.162,,,,,
Pla2g4e,0.586,0.571,,,,
Pla2g7,-0.317,,,,,
Plaat3,-0.32,-0.307,,,,
Plcb1,-0.257,,,,,
Plch2,,,,0.227,,0.262
Plekhb1,-0.32,-0.418,,,,
Plekhg3,,-0.425,,,,
Plekhh1,-0.444,-0.394,,-0.205,,
Plin4,1.547,,,,,
Plk5,0.575,,,,,
Pllp,-0.583,-0.411,,,,
Plod1,-0.382,-0.353,,,,
Plp1,-0.69,-0.498,,,,
Plxdc2,-0.246,,,,,
Plxnb3,-0.535,-0.456,,,,
Plxnd1,,,,0.352,,0.373
Podxl,,,,0.37,,0.364
Ppargc1a,-0.226,,,,,
Ppm1e,-0.216,,,,,
Ppp1r14a,-0.482,-0.577,,,,
Prelp,,,,,,0.33
Prex1,,-0.207,,,,
Prkca,,-0.335,,,,
Prkcg,,,,0.216,,0.242
Prkd3,-0.374,,,,,
Prmt8,-0.439,,,,,
Prodh,0.351,,,,,
Prox1,-0.288,,,,,
Prph,,0.782,,,,
Prr18,-0.504,-0.516,,-0.216,,
Prr5l,-0.648,-0.403,,,,
Ptk2b,,-0.639,,,,
Ptma,-0.206,-0.237,,,,
Ptn,-0.359,-0.307,,,,
Ptprb,0.241,,,,,
Ptprd,-0.268,,,,,
Pvalb,-0.683,-0.807,,,,
Pxdn,,,,0.208,,
Pygm,,,,-0.323,,
Pyurf,-0.421,,,,,
Qdpr,-0.498,-0.451,,-0.237,,
Qki,-0.391,-0.284,,,,
Qsox1,0.321,,,,,
Rapgef4,-0.311,-0.371,,,,
Rasgrp3,-0.555,,,,,
Rassf2,-0.244,,,,,
Rbm3,0.342,,,0.28,,
Rbp1,,-0.788,,,,
Reep3,-0.246,,,,,
Reln,,-0.319,,,,
Resp18,,0.223,,,,
Ret,,,,-0.559,,
Rgs7bp,-0.345,-0.264,,,,
Rhog,,-0.311,,,,
Rhoj,,,,,,-0.441
Rin1,,-0.789,,,,
Rmst,0.294,0.419,,,,
Rnf13,-0.303,-0.26,,,,
Rnf141,-0.312,,,,,
Rnf5,-0.251,,,,,
Robo3,,1.72,,,,
Rorb,,,,,,0.231
Rtkn,,-0.375,,,,
S100a16,,-0.357,,,,
S100b,-0.351,-0.337,,,,
S1pr1,-0.306,,,,,
S1pr5,-0.559,-0.553,,,,
Sall1,-0.395,,,,,
Scd1,,,,-0.282,,
Scd2,-0.211,,,,,
Scml4,,0.469,,,,
Scn4b,,-0.939,,,,
Scn7a,,0.556,,,,
Scrt1,-0.256,-0.297,,,,
Scrt2,,-0.406,,,,
Scube1,,1.497,,,,
Sdc4,,,,,,-0.237
Sec11c,-0.284,,,,,
Sec14l5,,-0.424,,,,
Sema3e,-0.631,,,,,
Sema6d,-0.278,,,,,
Septin4,-0.374,-0.399,,,,
Serinc5,-0.495,-0.326,,,,
Serpinb1a,-1.125,-0.703,,,,
Serpine1,1.143,,,,,
Serpinf1,,-0.593,,,,
Setd7,-0.295,-0.231,,,,
Sfta3,0.564,0.624,,,,
Sfxn5,-0.219,,,,,
Sgk3,0.5,,0.783,,,
Sgpp2,-0.387,,,,,
Sh3d19,-0.26,,,,,
Shisa6,,-0.519,,,,
Shtn1,-0.325,,,,,
Slain1,-0.391,-0.482,,,,
Slc12a2,-0.224,,,,,
Slc16a11,0.386,,,,,
Slc16a2,,,,,,0.313
Slc18a2,,,,-0.812,,
Slc2a1,0.308,,,,,
Slc2a4,1.1,,,,,
Slc32a1,-0.437,-0.499,,,,
Slc38a2,,,,,0.229,
Slc38a3,-0.245,-0.393,,,,
Slc44a1,-0.252,-0.237,,,,
Slc48a1,-0.228,-0.222,,,,
Slc6a6,0.219,,,,,
Slc7a6,,0.302,,,,
Slco1a4,0.248,,,,,
Smim13,-0.261,,,,,
Smoc1,0.369,,,,,
Smtn,,-0.392,,,,
Smyd3,0.221,0.265,,,,
Socs3,,0.986,,,,
Sort1,-0.247,-0.208,,,,
Sox10,-0.529,-0.492,,,,
Sox2ot,-0.478,-0.485,,,,
Sox6,-0.3,,,,,
Sox8,-0.258,,,,,
Sp8,-0.957,,,,,
Spaca6,0.257,,,,,
Sparc,0.258,0.209,,,,
Spart,-0.263,-0.255,,,,
Specc1,-0.324,-0.27,,,,
Sptbn2,,-0.214,,,,
Steap2,,-0.479,,,,
Stk39,,-0.224,,,,
Stmn4,,,,,-0.233,
Ston1,0.793,,,,,
Stx3,,0.29,,,,
Sugp1,0.246,,,,,
Sult1a1,1.017,,,,,
Susd6,0.304,,,,,
Svip,-0.25,,,,,
Synj2,-0.393,-0.448,,,,
Synm,,-0.345,,,,
Synpr,,0.351,,,,
Syt6,,0.67,,,,
Sytl2,-0.447,,,,,
Tbx3,,0.561,,,,
Tcaf2,3.282,3.186,,,2.909,
Tcea2,0.273,,,,,
Tcn2,,-0.517,,,,
Tgfa,-0.311,-0.419,,,,
Tgfbr3,0.352,,,,,
Tgm2,0.788,,0.852,,,
Th,,,,-0.918,,
Tiam1,,,,0.314,,
Tjp1,,-0.215,,,,
Tmbim1,-0.263,,,,,
Tmcc2,,-0.212,,,,
Tmeff2,-0.41,,,,,
Tmem125,-0.735,-0.738,,,,
Tmem131l,,0.38,,,,
Tmem151a,-0.261,-0.3,,,,
Tmem229a,-0.36,,,,,
Tmem278,-0.689,-0.498,,-0.277,,
Tmem33,-0.226,,,,,
Tmem47,-0.201,,,,,
Tmem63a,-0.506,-0.469,,,,
Tmem98,-0.583,,,,,
Tmod1,-0.424,-0.455,,,,
Tnfaip6,,,,,,-0.517
Tnip2,0.337,,,,,
Tns1,0.321,,0.367,,,
Tns2,0.521,,0.534,,,
Tox2,,0.239,,,,
Tppp,-0.236,,,,,
Tprkb,-0.271,,,,,
Trak2,-0.281,-0.351,,,,
Trf,-0.709,-0.606,,,,
Trim36,-0.449,,,,,
Trim59,-0.65,-0.499,,,,
Trp53inp2,-0.384,-0.347,,,,
Trpc4,,-0.393,,,,
Trub1,0.278,,,,,
Tsku,0.788,,,,,
Tspan18,,0.401,,,,
Tspan2,-0.298,,,,,
Tspoap1,0.274,,,,,
Ttll3,0.336,,,,,
Ttll7,-0.3,,,,,
Ttyh2,-0.3,-0.31,,,,
Tubb4a,-0.264,-0.213,,,,
Tyro3,-0.353,-0.41,,,,
Ubash3b,-0.429,-0.349,,,,
Ubxn2b,-0.283,,,,,
Ufd1,0.213,,,,,
Ugt8a,-1.031,-0.747,,,,
Unc13c,,-0.223,,,,
Unc5b,-0.522,-0.424,,,,
Unc5d,,,,,,0.231
Usp31,-0.301,,,,,
Ust,,-0.442,,,,
Vav2,,0.379,,,,
Vegfa,-0.367,,,,,
Vgf,,,,-0.227,,-0.242
Vim,,,,,,0.332
Vip,,-2.851,,,,
Vwa5b1,,0.335,,,,
Vwf,1.229,,,0.674,,
Vxn,,-0.614,,,,
Wdr6,0.215,,,,,
Wif1,,0.792,,,,
Wnk1,-0.293,-0.245,,,,
Wscd1,,-0.271,,,,
Ypel2,-0.324,,,,,
Zbtb16,1.074,,,,,
Zeb2,-0.436,-0.455,,,,
Zfand4,0.452,,,,,
Zfp512b,0.242,,,,,
Zfp521,,-0.283,,,,
Zfp740,0.227,,,,,
Zfp91,-0.203,,,,,
Zim1,,0.291,,,,
Zkscan16,0.282,0.215,,,,
Zkscan2,0.229,0.246,,,,
Znrf3,,,,0.226,,
Zscan18,,0.281,,,,
mt-Atp6,-0.24,,,,,
mt-Co3,-0.227,,,,,
mt-Nd1,-0.235,,,,,
mt-Nd2,-0.369,,,,,
mt-Nd3,-0.363,-0.237,,,,
mt-Nd4l,-0.234,,,,,
