set,gene,male_LDsaline_WT,male_LDleptin_WT,male_LDsaline_LDleptin,female_LDsaline_WT,female_LDleptin_WT,female_LDsaline_LDleptin
OPC,Pdgfra,,,,,,
OPC,Cspg4,,,,,,
OPC,Ptprz1,,,,,,
OPC,Vcan,,,,,,
OPC,Tnr,,,,,,
OPC,Lhfpl3,,,,,,
OPC,Matn4,,,,,,
OPC,Sox6,-0.3,,,,,
COP,Neu4,,,,,,
COP,Bmp4,,,,,,
COP,Gpr17,-0.55,,,,,
COP,Sox4,,,,,,
COP,Sox11,,,,,,
NFOL,Bcas1,-0.76,-0.69,,-0.36,,
NFOL,Enpp6,-0.79,-0.94,,,,
NFOL,Tmem2,,,,,,
NFOL,Fyn,,,,,,
NFOL,Frmd4a,,,,,,
NFOL,Tcf7l2,,,,,,
NFOL,Itpr2,,,,,,
NFOL,Tns3,,,,,,
MFOL,Mal,-0.48,,,-0.32,,
MFOL,Opalin,-0.8,-0.57,,,,
MFOL,Plekhh1,-0.44,-0.39,,-0.2,,
MFOL,Ctps,,,,,,
MFOL,Mog,-0.51,-0.47,,-0.32,,
MFOL,Serinc5,-0.5,-0.33,,,,
MFOL,Prr18,-0.5,-0.52,,-0.22,,
MFOL,Pllp,-0.58,-0.41,,,,
MOL,Klk6,-1.29,-1.15,,,,
MOL,Apod,,,,,,
MOL,Grm3,-0.48,-0.45,,,,
MOL,Slc5a11,,,,,,
MOL,Ptgds,,,,,,
MOL,Il33,-0.74,-0.57,,-0.31,,
MOL,Anln,-0.52,-0.56,,,,
MOL,Hapln2,,,,-0.33,,
MOL,Car2,-0.65,,,,,
MOL,Trf,-0.71,-0.61,,,,
MOL,Cryab,-1.03,,,,,
MOL,Mobp,-0.46,-0.51,,,,
MOL,Aspa,-0.43,-0.52,,,,
OL transcription factors,Olig1,-0.38,-0.23,,-0.24,,
OL transcription factors,Olig2,-0.45,-0.35,,,,
OL transcription factors,Sox10,-0.53,-0.49,,,,
OL transcription factors,Sox8,-0.26,,,,,
OL transcription factors,Myrf,-0.3,-0.44,,,,
OL transcription factors,Zeb2,-0.44,-0.46,,,,
OL transcription factors,Qki,-0.39,-0.28,,,,
OL transcription factors,Nkx2-2,,,,,,
OL transcription factors,Nkx6-2,,,,,,
Myelin lipid synthesis,Ugt8a,-1.03,-0.75,,,,
Myelin lipid synthesis,Fa2h,-0.63,-0.64,,,,
Myelin lipid synthesis,Gal3st1,,,,,,
Myelin lipid synthesis,Elovl7,-0.5,-0.51,,,,
Myelin lipid synthesis,Elovl1,,,,,,
Myelin lipid synthesis,Cers2,,,,,,
Myelin lipid synthesis,Gltp,-0.48,-0.45,,,,
Myelin lipid synthesis,Pex5l,-0.39,-0.35,,,,
Cholesterol synthesis,Hmgcr,,,,,,
Cholesterol synthesis,Hmgcs1,,,,,,
Cholesterol synthesis,Sqle,,,,,,
Cholesterol synthesis,Dhcr24,,,,,,
Cholesterol synthesis,Dhcr7,,,,,,
Cholesterol synthesis,Fdft1,,,,,,
Cholesterol synthesis,Cyp51,,,,,,
Cholesterol synthesis,Insig1,,,,,,
Cholesterol synthesis,Srebf2,,,,,,
Cholesterol synthesis,Scap,,,,,,
Axon / node,Nefl,-0.24,-0.25,,,,
Axon / node,Nefm,-0.59,-0.57,,,,
Axon / node,Nefh,-0.39,-0.4,,,,
Axon / node,Nfasc,-0.21,,,,,
Axon / node,Cntn1,,,,,,
Axon / node,Cntn2,-0.23,-0.25,,,,
Axon / node,Cntnap1,,,,,,
Axon / node,Kcna1,,,,,,
Axon / node,Ank3,,,,,,
