panel,gene,male_LDsaline_WT,male_LDleptin_WT,male_LDsaline_LDleptin,female_LDsaline_WT,female_LDleptin_WT,female_LDsaline_LDleptin
arcuate_energy,Agrp,1.88,,,,,
arcuate_energy,Npy,1.07,,,,,
arcuate_energy,Pomc,,,,,,
arcuate_energy,Cartpt,,,,,,
arcuate_energy,Lepr,,,,,,
arcuate_energy,Socs3,,0.99,,,,
arcuate_energy,Vgf,,,,-0.23,,-0.24
arcuate_energy,Ghrh,,,,,,
arcuate_energy,Sst,,,,,,
arcuate_energy,Th,,,,-0.92,,
arcuate_energy,Kiss1,,,,,,
arcuate_energy,Nhlh2,,0.62,,,,
OPC_OL_lineage,Olig1,-0.38,-0.23,,-0.24,,
OPC_OL_lineage,Olig2,-0.45,-0.35,,,,
OPC_OL_lineage,Sox10,-0.53,-0.49,,,,
OPC_OL_lineage,Pdgfra,,,,,,
OPC_OL_lineage,Cspg4,,,,,,
OPC_OL_lineage,Myrf,-0.3,-0.44,,,,
OPC_OL_lineage,Nkx6-2,,,,,,
OPC_OL_lineage,Bcas1,-0.76,-0.69,,-0.36,,
OPC_OL_lineage,Enpp6,-0.79,-0.94,,,,
OPC_OL_lineage,Tcf7l2,,,,,,
OPC_OL_lineage,Gpr17,-0.55,,,,,
myelin_structural,Mbp,-0.55,-0.6,,,,
myelin_structural,Plp1,-0.69,-0.5,,,,
myelin_structural,Mog,-0.51,-0.47,,-0.32,,
myelin_structural,Mag,-0.57,-0.55,,,,
myelin_structural,Mobp,-0.46,-0.51,,,,
myelin_structural,Cnp,-0.48,-0.44,,,,
myelin_structural,Cldn11,-0.41,-0.39,,-0.28,,
myelin_structural,Mal,-0.48,,,-0.32,,
myelin_structural,Opalin,-0.8,-0.57,,,,
myelin_structural,Ermn,-0.69,-0.63,,,,
myelin_structural,Ugt8a,-1.03,-0.75,,,,
myelin_structural,Fa2h,-0.63,-0.64,,,,
myelin_structural,Gjc2,-0.93,-0.77,,,,
myelin_structural,Gjb1,-0.73,-0.71,,,,
myelin_structural,Gjc3,-0.49,-0.29,,-0.23,,
myelin_structural,Pllp,-0.58,-0.41,,,,
myelin_structural,Tmem125,-0.73,-0.74,,,,
myelin_structural,Aspa,-0.43,-0.52,,,,
myelin_structural,Trf,-0.71,-0.61,,,,
myelin_structural,Hapln2,,,,-0.33,,
myelin_structural,Prr18,-0.5,-0.52,,-0.22,,
myelin_structural,Tmem278,-0.69,-0.5,,-0.28,,
myelin_structural,Qdpr,-0.5,-0.45,,-0.24,,
myelin_structural,S1pr5,-0.56,-0.55,,,,
myelin_structural,Anln,-0.52,-0.56,,,,
Ch25h_NLRP3,Ch25h,,,,,,
Ch25h_NLRP3,Cyp7b1,,,,,,
Ch25h_NLRP3,Nlrp3,,,,,,
Ch25h_NLRP3,Pycard,,,,,,
Ch25h_NLRP3,Casp1,,,,,,
Ch25h_NLRP3,Il1b,,,,,,
Ch25h_NLRP3,Il18,,,,,,
Ch25h_NLRP3,Gsdmd,,,,,,
Ch25h_NLRP3,Nr1h3,,,,,,
Ch25h_NLRP3,Abca1,0.27,,,,,
inflammation_glia,Lcn2,,,2.43,,,
inflammation_glia,Icam1,1.49,,1.41,,,
inflammation_glia,Tgm2,0.79,,0.85,,,
inflammation_glia,Gfap,,,,,,
inflammation_glia,Serpina3n,,,,,,
inflammation_glia,C4b,,,,0.26,,0.3
inflammation_glia,Cd74,,-1.24,,,,
inflammation_glia,H2-Aa,,-1.51,,,,
inflammation_glia,H2-Ab1,,-1.38,,,,
inflammation_glia,Cx3cr1,,-0.39,,,,
inflammation_glia,Aif1,,,,,,
inflammation_glia,Il33,-0.74,-0.57,,-0.31,,
inflammation_glia,Il1r1,0.68,,,,,
inflammation_glia,Socs3,,0.99,,,,
dissection_markers,Kcnj13,,-2.18,2.42,,,
dissection_markers,Ttr,,,,,,
dissection_markers,Lhx8,,-3.62,,,,
dissection_markers,Vip,,-2.85,,,,
dissection_markers,Gpr88,-0.6,-0.62,,,,
dissection_markers,Slc18a2,,,,-0.81,,
dissection_markers,Ddc,,,,-0.65,,
dissection_markers,Aldh1a1,,,,-0.72,,
dissection_markers,Ret,,,,-0.56,,
dissection_markers,Pvalb,-0.68,-0.81,,,,
