library,term,p,padj,n,genes
PanglaoDB_Augmented_2021,Pericytes,0.00666839876257448,0.14811414378679846,2,SPARC;GLI1
PanglaoDB_Augmented_2021,Pulmonary Vascular Smooth Muscle Cells,0.07635383756689175,0.14811414378679846,1,SPARC
PanglaoDB_Augmented_2021,Myofibroblasts,0.0770964289305897,0.14811414378679846,1,SPARC
PanglaoDB_Augmented_2021,Vascular Smooth Muscle Cells,0.07932084617088071,0.14811414378679846,1,SPARC
PanglaoDB_Augmented_2021,Spermatocytes,0.08154023643974265,0.14811414378679846,1,ACR
PanglaoDB_Augmented_2021,Pancreatic Stellate Cells,0.08522807793285649,0.14811414378679846,1,SPARC
PanglaoDB_Augmented_2021,Parietal Cells,0.08522807793285649,0.14811414378679846,1,BAIAP3
PanglaoDB_Augmented_2021,Hepatoblasts,0.08743411467706119,0.14811414378679846,1,FZD5
PanglaoDB_Augmented_2021,Adipocyte Progenitor Cells,0.08816835125304126,0.14811414378679846,1,GLI1
PanglaoDB_Augmented_2021,Taste Receptor Cells,0.08816835125304126,0.14811414378679846,1,KCNT1
PanglaoDB_Augmented_2021,Stromal Cells,0.09475160358139108,0.14811414378679846,1,SPARC
PanglaoDB_Augmented_2021,Delta Cells,0.09984107647289782,0.14811414378679846,1,BAIAP3
PanglaoDB_Augmented_2021,Hepatic Stellate Cells,0.1005659503466767,0.14811414378679846,1,SPARC
PanglaoDB_Augmented_2021,Bergmann Glia,0.1005659503466767,0.14811414378679846,1,ITIH3
PanglaoDB_Augmented_2021,Pulmonary Alveolar Type II Cells,0.10273728992333839,0.14811414378679846,1,SFTA3
PanglaoDB_Augmented_2021,Chondrocytes,0.11065689705244795,0.14811414378679846,1,SPARC
PanglaoDB_Augmented_2021,Loop Of Henle Cells,0.11137360234103214,0.14811414378679846,1,KCNT1
PanglaoDB_Augmented_2021,Müller Cells,0.11137360234103214,0.14811414378679846,1,SPARC
PanglaoDB_Augmented_2021,Mesangial Cells,0.11208976613663611,0.14811414378679846,1,SPARC
PanglaoDB_Augmented_2021,Photoreceptor Cells,0.1128053888245382,0.14811414378679846,1,GPR179
PanglaoDB_Augmented_2021,Astrocytes,0.11637539868962736,0.14811414378679846,1,ITIH3
PanglaoDB_Augmented_2021,Osteoblasts,0.11637539868962736,0.14811414378679846,1,SPARC
PanglaoDB_Augmented_2021,Embryonic Stem Cells,0.13192404474240352,0.1606031849037956,1,FZD5
PanglaoDB_Augmented_2021,Platelets,0.1581782427325842,0.18454128318801494,1,SPARC
PanglaoDB_Augmented_2021,Fibroblasts,0.17035290305095935,0.18562480824801986,1,SPARC
PanglaoDB_Augmented_2021,Mast Cells,0.1723658933731613,0.18562480824801986,1,SPARC
PanglaoDB_Augmented_2021,Endothelial Cells,0.17970775081250215,0.1863635934351874,1,SPARC
PanglaoDB_Augmented_2021,Interneurons,0.21805591111974107,0.21805591111974107,1,NPTXR
ChEA_2022,NR3C1 32051336 ChIP-Seq MLEC Mouse Epithelium,0.00013731388963879662,0.0611046808892645,2,FZD5;SMYD3
ChEA_2022,CDX2 20551321 ChIP-Seq CACO-2 Human,0.0027210229789487446,0.4082301867284391,3,SPARC;FZD5;SMYD3
ChEA_2022,HNF4A 19761587 ChIP-ChIP CACO-2 Human,0.002752113618393971,0.4082301867284391,4,FZD5;GLI1;NPTXR;MAP3K6
ChEA_2022,ADNP 35650610 ChIP-Seq mESC Mouse Stem Autism,0.005350478697890755,0.5859351211120405,3,SPARC;PLA2G4E;SMYD3
ChEA_2022,SA1 27219007 Chip-Seq ERYTHROID Human,0.00758898183300798,0.5859351211120405,5,FZD5;GLI1;MAP3K6;BAIAP3;GPR179
ChEA_2022,AR 27623747 ChIP-Seq 22Rv1 Mouse Prostate Carcinoma,0.01720928271289121,0.5859351211120405,6,ACR;SPARC;FZD5;SMYD3;MAP3K6;BAIAP3
ChEA_2022,CDH4 35650610 ChIP-Seq mESC Mouse Stem Autism,0.02218410476052309,0.5859351211120405,3,SPARC;PLA2G4E;SMYD3
ChEA_2022,RCOR3 21632747 ChIP-Seq MESCs Mouse,0.022314501607903138,0.5859351211120405,5,FZD5;ZKSCAN2;GLI1;NPTXR;GPR179
ChEA_2022,SMAD1 18555785 Chip-Seq ESCs Mouse,0.026660516727085616,0.5859351211120405,4,KCNT1;FZD5;PLA2G4E;SMYD3
ChEA_2022,KLF4 18555785 Chip-Seq ESCs Mouse,0.02683733875097782,0.5859351211120405,4,KCNT1;FZD5;PLA2G4E;SMYD3
ChEA_2022,SUZ12 18555785 Chip-Seq ESCs Mouse,0.027133663788413014,0.5859351211120405,4,KCNT1;FZD5;PLA2G4E;SMYD3
ChEA_2022,OCT4 18555785 Chip-Seq ESCs Mouse,0.027193172301266694,0.5859351211120405,4,KCNT1;FZD5;PLA2G4E;SMYD3
ChEA_2022,CTCF 18555785 Chip-Seq ESCs Mouse,0.027193172301266694,0.5859351211120405,4,KCNT1;FZD5;PLA2G4E;SMYD3
ChEA_2022,STAT3 18555785 Chip-Seq ESCs Mouse,0.027372185372998546,0.5859351211120405,4,KCNT1;FZD5;PLA2G4E;SMYD3
ChEA_2022,CMYC 18555785 Chip-Seq ESCs Mouse,0.02761200807607685,0.5859351211120405,4,KCNT1;FZD5;PLA2G4E;SMYD3
ChEA_2022,POU5F1 18700969 ChIP-ChIP MESCs Mouse,0.027963651324597688,0.5859351211120405,2,FZD5;GLI1
ChEA_2022,NMYC 18555785 Chip-Seq ESCs Mouse,0.02827824392133558,0.5859351211120405,4,KCNT1;FZD5;PLA2G4E;SMYD3
ChEA_2022,TCFCP2L1 18555785 Chip-Seq ESCs Mouse,0.028461659469046975,0.5859351211120405,4,KCNT1;FZD5;PLA2G4E;SMYD3
ChEA_2022,NANOG 18555785 Chip-Seq ESCs Mouse,0.02901632684834262,0.5859351211120405,4,KCNT1;FZD5;PLA2G4E;SMYD3
ChEA_2022,E2F1 18555785 Chip-Seq ESCs Mouse,0.029389796143573423,0.5859351211120405,4,KCNT1;FZD5;PLA2G4E;SMYD3
ChEA_2022,KLF4 25985364 ChIP-Seq ATHEROSCLEROSIS LESION Mouse,0.029627859303678054,0.5859351211120405,3,PLA2G4E;ZKSCAN2;SMYD3
ChEA_2022,SMC1 22415368 ChIP-Seq MEFs Mouse,0.03295182965299013,0.5859351211120405,4,SPARC;FZD5;GLI1;NPTXR
ChEA_2022,OLIG2 26023283 ChIP-Seq AINV15 Mouse,0.03328811820205176,0.5859351211120405,4,SPARC;KCNT1;FZD5;ZKSCAN2
ChEA_2022,CTCF 20526341 ChIP-Seq ESCs Human,0.03349089425643549,0.5859351211120405,4,ITIH3;GLI1;NPTXR;MAP3K6
ChEA_2022,E2A 27217539 Chip-Seq RAMOS-Cell Line Human,0.03430953271917444,0.5859351211120405,4,ACR;GLI1;MAP3K6;BAIAP3
ChEA_2022,GATA1 22383799 ChIP-Seq G1ME Mouse,0.034516078606379445,0.5859351211120405,4,ACR;SPARC;SMYD3;MAP3K6
ChEA_2022,CTNNB1 20615089 ChIP-ChIP FETAL BRAIN Human,0.03555111970792156,0.5859351211120405,2,MAP3K6;BAIAP3
ChEA_2022,KLF4 26769127 Chip-Seq PDAC-Cell Line Human,0.039700965417753496,0.6247705591576879,4,PLA2G4E;GLI1;MAP3K6;BAIAP3
ChEA_2022,TCF3 18467660 ChIP-ChIP MESCs Mouse,0.04095362925902027,0.6247705591576879,3,FZD5;NPTXR;MAP3K6
ChEA_2022,SOX9 26525672 Chip-Seq Limbbuds Mouse,0.042119363538720526,0.6247705591576879,3,SPARC;SMYD3;GLI1
ChEA_2022,REST 21632747 ChIP-Seq MESCs Mouse,0.04655512592497031,0.6682913237616707,4,KCNT1;ZKSCAN2;SMYD3;NPTXR
ChEA_2022,KLF4 19030024 ChIP-ChIP MESCs Mouse,0.0615114464085452,0.7690351693115554,3,FZD5;GLI1;NPTXR
ChEA_2022,SOX9 24532713 ChIP-Seq HFSC Mouse,0.0676111218065117,0.7690351693115554,3,SPARC;FZD5;SMYD3
ChEA_2022,P53 22127205 ChIP-Seq FIBROBLAST Human,0.06914219733744917,0.7690351693115554,2,KCNT1;ZKSCAN2
ChEA_2022,TAF7L 23326641 ChIP-Seq C3H10T1-2 Mouse,0.0711512463537374,0.7690351693115554,2,SPARC;MAP3K6
ChEA_2022,NUCKS1 24931609 ChIP-Seq HEPATOCYTES Mouse,0.07477141526041271,0.7690351693115554,2,FZD5;MAP3K6
ChEA_2022,FOXO3 23340844 ChIP-Seq DLD1 Human,0.07614467034539141,0.7690351693115554,2,ITIH3;BAIAP3
ChEA_2022,AR 35413990 ChIP-Seq Human ARposCRProstateCancer,0.08031444912018022,0.7690351693115554,2,ACR;MAP3K6
ChEA_2022,LMO2 20887958 ChIP-Seq HPC-7 Mouse,0.08391607634269263,0.7690351693115554,3,ACR;PLA2G4E;MAP3K6
ChEA_2022,CTCF 31629814 ChIP-Seq Hepatocytes Mouse Tyrosinemia,0.08715880776666061,0.7690351693115554,5,FZD5;PLA2G4E;SMYD3;NPTXR;MAP3K6
ChEA_2022,NANOG 18692474 ChIP-Seq MESCs Mouse,0.08726439553356237,0.7690351693115554,4,FZD5;PLA2G4E;SMYD3;GPR179
ChEA_2022,SUZ12 27294783 Chip-Seq NPCs Mouse,0.09571306097154972,0.7690351693115554,2,FZD5;SMYD3
ChEA_2022,STAT3 24763339 ChIP-Seq IMN-ESCs Mouse,0.09648454772586164,0.7690351693115554,3,FZD5;ZKSCAN2;SMYD3
ChEA_2022,RUNX1 21571218 ChIP-Seq MEGAKARYOCYTES Human,0.09656474450344428,0.7690351693115554,6,SPARC;FZD5;ZKSCAN2;SMYD3;GLI1;BAIAP3
ChEA_2022,RARB 24833708 ChIP-Seq LIVER Mouse,0.10068400903155765,0.7690351693115554,3,ACR;FZD5;GPR179
ChEA_2022,RARA 24833708 ChIP-Seq LIVER Mouse,0.10281298536248336,0.7690351693115554,3,FZD5;PLA2G4E;ZKSCAN2
ChEA_2022,FLI1 26923725 Chip-Seq HEMOGENIC-ENDOTHELIUM Mouse,0.10429817692024397,0.7690351693115554,3,ZKSCAN2;SMYD3;MAP3K6
ChEA_2022,NEUROD2 26341353 ChIP-Seq CORTEX Mouse,0.11016041131873612,0.7690351693115554,3,ACR;PLA2G4E;SMYD3
ChEA_2022,THRA 23701648 ChIP-Seq CEREBELLUM Mouse,0.11065689705244795,0.7690351693115554,1,ITIH3
ChEA_2022,ZFX 18555785 Chip-Seq ESCs Mouse,0.1108390316579024,0.7690351693115554,3,FZD5;PLA2G4E;SMYD3
ChEA_2022,CRX 20693478 ChIP-Seq RETINA Mouse,0.11203083438574837,0.7690351693115554,3,SPARC;FZD5;SMYD3
ChEA_2022,ESRRB 18555785 Chip-Seq ESCs Mouse,0.11271426436886536,0.7690351693115554,3,FZD5;PLA2G4E;SMYD3
ChEA_2022,EBF1 22473956 ChIP-Seq BONE MARROW Mouse,0.11374266649103787,0.7690351693115554,3,KCNT1;FZD5;SMYD3
ChEA_2022,SOX6 21985497 ChIP-Seq MYOTUBES Mouse,0.11408633287374785,0.7690351693115554,3,SPARC;FZD5;SMYD3
ChEA_2022,ETS2 20176728 ChIP-ChIP TROPHOBLAST STEM CELLS Mouse,0.11423501232672365,0.7690351693115554,1,GLI1
ChEA_2022,EBF1 22473956 ChIP-Seq LYMPHODE Mouse,0.11425832796224834,0.7690351693115554,3,KCNT1;FZD5;SMYD3
ChEA_2022,SOX2 18555785 Chip-Seq ESCs Mouse,0.11477495975851701,0.7690351693115554,3,FZD5;PLA2G4E;SMYD3
ChEA_2022,PU1 27457419 Chip-Seq LIVER Mouse,0.11511991880996063,0.7690351693115554,3,KCNT1;FZD5;SMYD3
ChEA_2022,P53 22387025 ChIP-Seq ESCs Mouse,0.11529255942969349,0.7690351693115554,3,KCNT1;FZD5;SMYD3
ChEA_2022,NFE2 27457419 Chip-Seq LIVER Mouse,0.11529993429225022,0.7690351693115554,2,FZD5;SMYD3
ChEA_2022,OCT4 21477851 ChIP-Seq ESCs Mouse,0.1163306524901129,0.7690351693115554,3,SPARC;FZD5;SMYD3
ChEA_2022,FOXM1 32153563 ChIP-Seq SKOV3 Human Ovary OvarianCancer,0.11637539868962736,0.7690351693115554,1,SPARC
ChEA_2022,SMC3 22415368 ChIP-Seq MEFs Mouse,0.1214019028960657,0.7690351693115554,3,FZD5;GLI1;NPTXR
ChEA_2022,SOX3 22085726 ChIP-Seq NPCs Mouse,0.12477202700958738,0.7690351693115554,3,SPARC;NPTXR;GPR179
ChEA_2022,MTF2 20144788 ChIP-Seq MESCs Mouse,0.12836448854366286,0.7690351693115554,4,ACR;KCNT1;NPTXR;GPR179
ChEA_2022,CSB 26484114 Chip-Seq FIBROBLAST Human,0.12998685198171042,0.7690351693115554,3,ACR;SPARC;PLA2G4E
ChEA_2022,BRD4 27068464 Chip-Seq AML-cells Mouse,0.13053113273571856,0.7690351693115554,3,SMYD3;MAP3K6;BAIAP3
ChEA_2022,FOXO1 25302145 ChIP-Seq T-LYMPHOCYTE Mouse,0.13089448288673375,0.7690351693115554,3,KCNT1;SMYD3;BAIAP3
ChEA_2022,AUTS2 25519132 ChIP-Seq 293T-REX Human,0.13505279182749588,0.7690351693115554,2,ITIH3;SPARC
ChEA_2022,CREB1 26743006 Chip-Seq LNCaP-abl Human,0.1358381705597085,0.7690351693115554,3,GLI1;MAP3K6;BAIAP3
ChEA_2022,RING1B 27294783 Chip-Seq NPCs Mouse,0.13694638276890725,0.7690351693115554,3,SPARC;FZD5;GLI1
ChEA_2022,CTCF 27219007 Chip-Seq Bcells Human,0.13713142091586747,0.7690351693115554,3,MAP3K6;BAIAP3;GPR179
ChEA_2022,TCF7 22412390 ChIP-Seq EML Mouse,0.13750178440841626,0.7690351693115554,3,NPTXR;MAP3K6;GPR179
ChEA_2022,GATA6 25053715 ChIP-Seq YYC3 Human,0.13824365758526266,0.7690351693115554,3,FZD5;PLA2G4E;SMYD3
ChEA_2022,CREB1 26743006 Chip-Seq LNCaP Human,0.1393593212191191,0.7690351693115554,3,SMYD3;GLI1;MAP3K6
ChEA_2022,ZFP281 27345836 Chip-Seq ESCs Mouse,0.13954559686548154,0.7690351693115554,3,SPARC;FZD5;GLI1
ChEA_2022,UBF1/2 26484160 Chip-Seq HMEC-DERIVED Human,0.14029164362414834,0.7690351693115554,3,GLI1;MAP3K6;BAIAP3
ChEA_2022,KDM2B 26808549 Chip-Seq SIL-ALL Human,0.14066523213558557,0.7690351693115554,3,GLI1;NPTXR;MAP3K6
ChEA_2022,KDM2B 26808549 Chip-Seq DND41 Human,0.14160084557016053,0.7690351693115554,3,GLI1;MAP3K6;BAIAP3
ChEA_2022,MITF 21258399 ChIP-Seq MELANOMA Human,0.14200175782231472,0.7690351693115554,6,ACR;ZKSCAN2;GLI1;NPTXR;BAIAP3;GPR179
ChEA_2022,POU5F1 16518401 ChIP-PET MESCs Mouse,0.1424560650475427,0.7690351693115554,2,ITIH3;FZD5
ChEA_2022,CTCF 27219007 Chip-Seq ERYTHROID Human,0.14272666435448428,0.7690351693115554,3,GLI1;MAP3K6;BAIAP3
ChEA_2022,DMRT1 23473982 ChIP-Seq TESTES Mouse,0.1455557910411645,0.7690351693115554,3,ZKSCAN2;SMYD3;GLI1
ChEA_2022,NANOG 18700969 ChIP-ChIP MESCs Mouse,0.1458362449220826,0.7690351693115554,1,FZD5
ChEA_2022,P300 27058665 Chip-Seq ZR-75-30cells Human,0.1476435723951527,0.7690351693115554,3,GLI1;MAP3K6;GPR179
ChEA_2022,NANOG 18358816 ChIP-ChIP MESCs Mouse,0.1505120090200707,0.7690351693115554,2,SPARC;PLA2G4E
ChEA_2022,KLF1 20508144 ChIP-Seq FETAL-LIVER-ERYTHROID Mouse,0.1513512235530239,0.7690351693115554,2,KCNT1;SMYD3
ChEA_2022,CTCF 33576154 ChIP-Seq Human HilarLN ProstateCancer,0.15207886494250983,0.7690351693115554,5,KCNT1;FZD5;ZKSCAN2;SMYD3;GLI1
ChEA_2022,STAT5 23275557 ChIP-Seq MAMMARY-EPITHELIUM Mouse,0.15951694513594672,0.7746686110113735,2,SPARC;MAP3K6
ChEA_2022,TCF3 18692474 ChIP-Seq MESCs Mouse,0.1822011308688207,0.7746686110113735,2,FZD5;PLA2G4E
ChEA_2022,CDX2 19796622 ChIP-Seq MESCs Mouse,0.18368662035246694,0.7746686110113735,1,SMYD3
ChEA_2022,KAP1 22055183 ChIP-Seq ESCs Mouse,0.1918406136251522,0.7746686110113735,2,PLA2G4E;SMYD3
ChEA_2022,EZH2 27294783 Chip-Seq NPCs Mouse,0.1986076718664741,0.7746686110113735,2,FZD5;SMYD3
ChEA_2022,FLI1 27457419 Chip-Seq LIVER Mouse,0.21103621930001956,0.7746686110113735,1,FZD5
ChEA_2022,POU5F1 18692474 ChIP-Seq MESCs Mouse,0.21214418475979832,0.7746686110113735,4,SPARC;FZD5;PLA2G4E;GPR179
ChEA_2022,ESRRB 18555785 ChIP-Seq MESCs Mouse,0.21314063770056643,0.7746686110113735,2,FZD5;GLI1
ChEA_2022,CNOT3 19339689 ChIP-ChIP MESCs Mouse,0.21373684385693553,0.7746686110113735,2,NPTXR;MAP3K6
ChEA_2022,GF1 26923725 Chip-Seq HPCs Mouse,0.21552676681484526,0.7746686110113735,2,ZKSCAN2;SMYD3
ChEA_2022,CEBPB 23403033 ChIP-Seq LIVER Mouse,0.21742018510702227,0.7746686110113735,1,ITIH3
ChEA_2022,CTCF 18555785 ChIP-Seq MESCs Mouse,0.2257042196025093,0.7746686110113735,2,SMYD3;GLI1
ChEA_2022,BACH1 22875853 ChIP-PCR HELA AND SCP4 Human,0.2269051517094316,0.7746686110113735,2,NPTXR;BAIAP3
ChEA_2022,TFAP2A 35110662 ChIP-Seq HEPM Human Embryo,0.23201673385866126,0.7746686110113735,2,FZD5;ZKSCAN2
ChEA_2022,PCGF2 27294783 Chip-Seq NPCs Mouse,0.24370772668169471,0.7746686110113735,1,FZD5
ChEA_2022,LMO2 26923725 Chip-Seq MACROPHAGESS Mouse,0.24370772668169471,0.7746686110113735,1,ZKSCAN2
ChEA_2022,RNF2 27304074 Chip-Seq ESCs Mouse,0.2504445702516327,0.7746686110113735,2,ZKSCAN2;NPTXR
ChEA_2022,NR0B1 18358816 ChIP-ChIP MESCs Mouse,0.25195998911053186,0.7746686110113735,2,SPARC;GLI1
ChEA_2022,TRIM28 19339689 ChIP-ChIP MESCs Mouse,0.26366589179538164,0.7746686110113735,3,FZD5;NPTXR;MAP3K6
ChEA_2022,CLOCK 20551151 ChIP-Seq 293T Human,0.265578691786359,0.7746686110113735,1,MAP3K6
ChEA_2022,PCGF2 27294783 Chip-Seq ESCs Mouse,0.26737424805968607,0.7746686110113735,1,FZD5
ChEA_2022,SIN3B 21632747 ChIP-Seq MESCs Mouse,0.27002814524705343,0.7746686110113735,4,ACR;KCNT1;ZKSCAN2;NPTXR
ChEA_2022,GF1B 26923725 Chip-Seq HPCs Mouse,0.27444609616842375,0.7746686110113735,2,ZKSCAN2;SMYD3
ChEA_2022,RUNX1 22343733 ChIP-Seq Kasumi1 Human PeriphBlood AML,0.27569922827656257,0.7746686110113735,1,MAP3K6
ChEA_2022,SOX2 18692474 ChIP-Seq MESCs Mouse,0.27745848704599546,0.7746686110113735,3,FZD5;PLA2G4E;GPR179
ChEA_2022,POU5F1 18555785 ChIP-Seq MESCs Mouse,0.27806145437079244,0.7746686110113735,1,ZKSCAN2
ChEA_2022,WT1 20215353 ChIP-ChIP NEPHRON PROGENITOR Mouse,0.2814493237182008,0.7746686110113735,2,SMYD3;GLI1
ChEA_2022,DROSHA 22980978 ChIP-Seq HELA Human,0.28159125473786517,0.7746686110113735,1,ITIH3
ChEA_2022,PKCTHETA 26484144 Chip-Seq BREAST Human,0.2833500813191243,0.7746686110113735,1,SMYD3
ChEA_2022,CTCF 33576154 ChIP-Seq Human PerigastricLN ProstateCancer,0.2833730224238111,0.7746686110113735,3,KCNT1;FZD5;GLI1
ChEA_2022,ZFP281 18358816 ChIP-ChIP MESCs Mouse,0.2874383235910622,0.7746686110113735,1,FZD5
ChEA_2022,NFE2L2 22581777 ChIP-Seq LYMPHOBLASTOID Human,0.29092511861461096,0.7746686110113735,1,SPARC
ChEA_2022,FUS 26573619 Chip-Seq HEK293 Human,0.2926625116242281,0.7746686110113735,1,FZD5
ChEA_2022,MYC 18358816 ChIP-ChIP MESCs Mouse,0.29273785153902443,0.7746686110113735,3,FZD5;SMYD3;MAP3K6
ChEA_2022,CEBPD 21427703 ChIP-Seq 3T3-L1 Mouse,0.29424294470906215,0.7746686110113735,2,SPARC;SMYD3
ChEA_2022,GATA3 21867929 ChIP-Seq TH1 Mouse,0.3012477189741294,0.7746686110113735,2,BAIAP3;GPR179
ChEA_2022,GATA4 21415370 ChIP-Seq HL-1 Mouse,0.30185668761603013,0.7746686110113735,2,FZD5;SMYD3
ChEA_2022,E2F4 21247883 ChIP-Seq LYMPHOBLASTOID Human,0.3049037540786682,0.7746686110113735,3,ZKSCAN2;MAP3K6;BAIAP3
ChEA_2022,NFIB 24661679 ChIP-Seq LUNG Mouse,0.3069863706402134,0.7746686110113735,1,NPTXR
ChEA_2022,NANOG 18347094 ChIP-ChIP MESCs Mouse,0.30946589937888275,0.7746686110113735,2,SPARC;PLA2G4E
ChEA_2022,CREB1 20920259 ChIP-Seq GC1-SPG Mouse,0.3115850039574114,0.7746686110113735,3,FZD5;PLA2G4E;GPR179
ChEA_2022,FOXA1 27197147 Chip-Seq ENDOMETRIOID-ADENOCARCINOMA Human,0.31207605130417954,0.7746686110113735,1,FZD5
ChEA_2022,AR 27270436 ChIP-Seq VCaP Human Prostate Carcinoma,0.3154515428061057,0.7746686110113735,4,PLA2G4E;ZKSCAN2;SMYD3;MAP3K6
ChEA_2022,MYBL2 22936984 ChIP-ChIP MESCs Mouse,0.31554821317446635,0.7746686110113735,2,FZD5;GLI1
ChEA_2022,LDB1 21186366 ChIP-Seq BM-HSCs Mouse,0.3204098588492198,0.7746686110113735,2,ACR;KCNT1
ChEA_2022,SUZ12 20075857 ChIP-Seq MESCs Mouse,0.3244682874241784,0.7746686110113735,4,KCNT1;ZKSCAN2;NPTXR;BAIAP3
ChEA_2022,CEBPB 26923725 Chip-Seq HEMANGIOBLAST Mouse,0.32547774102214866,0.7746686110113735,1,ZKSCAN2
ChEA_2022,NELFA 20434984 ChIP-Seq ESCs Mouse,0.3261772272124723,0.7746686110113735,2,FZD5;SMYD3
ChEA_2022,SOX3 22085726 ChIP-Seq MUSCLE Mouse,0.32769377674958355,0.7746686110113735,2,FZD5;NPTXR
ChEA_2022,CEBPB 26923725 Chip-Seq HEMOGENIC-ENDOTHELIUM Mouse,0.3283002496099403,0.7746686110113735,2,SMYD3;GPR179
ChEA_2022,ZFP281 18757296 ChIP-ChIP E14 Mouse,0.3298160536601891,0.7746686110113735,2,SPARC;GLI1
ChEA_2022,PU.1 20176806 ChIP-Seq MACROPHAGES Mouse,0.3307252707273223,0.7746686110113735,2,SPARC;GPR179
ChEA_2022,JARID1B-DAIN 22020125 ChIP-Seq ESCs Mouse,0.33102829793895194,0.7746686110113735,2,SMYD3;GLI1
ChEA_2022,CCND1 20090754 ChIP-ChIP RETINA Mouse,0.33163428377455223,0.7746686110113735,2,GLI1;MAP3K6
ChEA_2022,JUN 26020271 ChIP-Seq HCASMC Human CoronaryArtery,0.3320864233357407,0.7746686110113735,1,SMYD3
ChEA_2022,RUNX1 27457419 Chip-Seq LIVER Mouse,0.3325430886944265,0.7746686110113735,2,FZD5;SMYD3
ChEA_2022,SCL 21571218 ChIP-Seq MEGAKARYOCYTES Human,0.33345168145416326,0.7746686110113735,2,MAP3K6;BAIAP3
ChEA_2022,ETS1 21867929 ChIP-Seq TH2 Mouse,0.3349655203168026,0.7746686110113735,2,FZD5;MAP3K6
ChEA_2022,SOX11 22085726 ChIP-Seq ESNs Mouse,0.33526821437808624,0.7746686110113735,2,SPARC;NPTXR
ChEA_2022,STAT3 18555785 ChIP-Seq MESCs Mouse,0.3355708835541559,0.7746686110113735,2,ZKSCAN2;SMYD3
ChEA_2022,CTCF 33576154 ChIP-Seq Human Liver ProstateCancer,0.33787106254215304,0.7746686110113735,4,KCNT1;FZD5;GLI1;MAP3K6
ChEA_2022,NR3C2 34362910 ChIP-Seq WistarRat Hippocampus,0.33889855796169127,0.7746686110113735,2,SPARC;MAP3K6
ChEA_2022,P300 18555785 Chip-Seq ESCs Mouse,0.33980555360068565,0.7746686110113735,2,FZD5;SMYD3
ChEA_2022,PU.1 20513432 ChIP-Seq MACROPHAGES Mouse,0.3428270886902688,0.7746686110113735,2,SPARC;GPR179
ChEA_2022,CDX2 21402776 ChIP-Seq INTESTINAL-VILLUS Mouse,0.34433679490585123,0.7746686110113735,2,FZD5;SMYD3
ChEA_2022,STAT1 20625510 ChIP-Seq HELA Human,0.3456600324415919,0.7746686110113735,1,NPTXR
ChEA_2022,PRDM14 21183938 ChIP-Seq MESCs Mouse,0.3461474755643249,0.7746686110113735,2,SPARC;SMYD3
ChEA_2022,SUZ12 18692474 ChIP-Seq MESCs Mouse,0.34946422137432176,0.7746686110113735,2,KCNT1;NPTXR
ChEA_2022,MNX1 26342078 ChIP-Seq MIN6-4N Mouse,0.35006686035473006,0.7746686110113735,2,ITIH3;SPARC
ChEA_2022,NANOG 18692474 ChIP-Seq MEFs Mouse,0.35006686035473006,0.7746686110113735,2,FZD5;SMYD3
ChEA_2022,PPARG 23326641 ChIP-Seq C3H10T1-2 Mouse,0.3515501142136669,0.7746686110113735,1,SMYD3
ChEA_2022,RXR 22158963 ChIP-Seq LIVER Mouse,0.35398085507886184,0.7746686110113735,2,ITIH3;FZD5
ChEA_2022,RAD21 21589869 ChIP-Seq MESCs Mouse,0.35398085507886184,0.7746686110113735,2,SMYD3;GLI1
ChEA_2022,MYC 27129775 Chip-Seq CORNEA Mouse,0.3542816997556704,0.7746686110113735,2,ITIH3;GLI1
ChEA_2022,SA1 22415368 ChIP-Seq MEFs Mouse,0.3548832875308063,0.7746686110113735,2,FZD5;GLI1
ChEA_2022,PPARA 22158963 ChIP-Seq LIVER Mouse,0.35578541337495906,0.7746686110113735,2,ITIH3;FZD5
ChEA_2022,POU5F1 18347094 ChIP-ChIP MESCs Mouse,0.35668722902999017,0.7746686110113735,2,SPARC;GLI1
ChEA_2022,CRX 20693478 ChIP-Seq ADULT RETINA Mouse,0.3568615658267356,0.7746686110113735,1,SPARC
ChEA_2022,POU3F1 26484290 ChIP-Seq ESCss Mouse,0.3572882653709606,0.7746686110113735,2,FZD5;SMYD3
ChEA_2022,BCL6 27268052 Chip-Seq Bcells Human,0.35909052692580296,0.7746686110113735,2,NPTXR;MAP3K6
ChEA_2022,NRF2 31884422 ChIP-Seq A549 Human Lung Carcinoma,0.35909052692580296,0.7746686110113735,2,SMYD3;GPR179
ChEA_2022,SUZ12 18974828 ChIP-Seq MESCs Mouse,0.3593907789238888,0.7746686110113735,2,KCNT1;NPTXR
ChEA_2022,JUND 26020271 ChIP-Seq SMOOTH MUSCLE Human,0.3620914086146237,0.7746686110113735,2,SMYD3;GLI1
ChEA_2022,HOXB7 26014856 ChIP-Seq BT474 Human,0.3620914086146237,0.7746686110113735,2,SPARC;GPR179
ChEA_2022,PU 27001747 Chip-Seq BMDM Mouse,0.3620914086146237,0.7746686110113735,2,FZD5;SMYD3
ChEA_2022,SOX2 27498859 Chip-Seq STOMACH Mouse,0.3620914086146237,0.7746686110113735,2,FZD5;PLA2G4E
ChEA_2022,PHF8 20622853 ChIP-Seq HELA Human,0.3623912942024692,0.7746686110113735,2,SMYD3;MAP3K6
ChEA_2022,ERA 21632823 ChIP-Seq H3396 Human,0.3623912942024692,0.7746686110113735,2,ZKSCAN2;MAP3K6
ChEA_2022,GATA6 21074721 ChIP-Seq CACO-2 Mouse,0.3626911424139541,0.7746686110113735,2,SMYD3;MAP3K6
ChEA_2022,FOXM1 26100407 CHIP-SEQ Hek293 Flp-In Human,0.3632907263023195,0.7746686110113735,2,ZKSCAN2;GLI1
ChEA_2022,HNFA 21074721 ChIP-Seq CACO-2 Human,0.3635904616888,0.7746686110113735,2,SMYD3;MAP3K6
ChEA_2022,LXR 22158963 ChIP-Seq LIVER Mouse,0.3635904616888,0.7746686110113735,2,ITIH3;FZD5
ChEA_2022,NFYA 21822215 ChIP-Seq K562 Human,0.363890159274495,0.7746686110113735,2,SMYD3;MAP3K6
ChEA_2022,GATA3 26560356 Chip-Seq TH2 Human,0.3650885682527442,0.7746686110113735,2,PLA2G4E;SMYD3
ChEA_2022,P53 21459846 ChIP-Seq SAOS-2 Human,0.36538807456691547,0.7746686110113735,2,ITIH3;GLI1
ChEA_2022,GATA6 21074721 ChIP-Seq CACO-2 Human,0.36568754220831484,0.7746686110113735,2,SMYD3;MAP3K6
ChEA_2022,JUN 26020271 ChIP-Seq SMOOTH MUSCLE Human,0.36628636118613506,0.7746686110113735,2,SPARC;SMYD3
ChEA_2022,CDX2 21074721 ChIP-Seq CACO-2 Mouse,0.36628636118613506,0.7746686110113735,2,SMYD3;MAP3K6
ChEA_2022,NFKB1 27076634 ChIP-Seq BEAS2B Human Lung Inflammation,0.3664758649780147,0.7746686110113735,4,KCNT1;FZD5;PLA2G4E;GLI1
ChEA_2022,ETV1 20927104 ChIP-Seq GIST48 Human,0.36658571221444103,0.7746686110113735,2,SMYD3;MAP3K6
ChEA_2022,ZBTB16 27035670 ChIP-Seq hESC Human Endometrial,0.3668411400239248,0.7746686110113735,1,ZKSCAN2
ChEA_2022,FOXA1 33576154 ChIP-Seq Human Lung ProstateCancer,0.3668747520389453,0.7746686110113735,4,FZD5;PLA2G4E;ZKSCAN2;MAP3K6
ChEA_2022,KLF5 25053715 ChIP-Seq YYC3 Human,0.3674835300047941,0.7746686110113735,2,SPARC;FZD5
ChEA_2022,OCT1 27270436 Chip-Seq PROSTATE Human,0.3674835300047941,0.7746686110113735,2,SPARC;MAP3K6
ChEA_2022,NFYB 21822215 ChIP-Seq K562 Human,0.36838099217703163,0.7746686110113735,2,SMYD3;MAP3K6
ChEA_2022,PCGF4 22325352 ChIP-Seq 293T-Rex Human,0.36838099217703163,0.7746686110113735,2,SMYD3;MAP3K6
ChEA_2022,TAF2 19829295 ChIP-Seq ESCs Human,0.3686800666123031,0.7746686110113735,2,PLA2G4E;GLI1
ChEA_2022,SMAD4 21741376 ChIP-Seq ESCs Human,0.3686800666123031,0.7746686110113735,2,SPARC;KCNT1
ChEA_2022,CBX2 22325352 ChIP-Seq 293T-Rex Human,0.3686800666123031,0.7746686110113735,2,SMYD3;MAP3K6
ChEA_2022,RBPJ 21746931 ChIP-Seq IB4 Human,0.36957704936358043,0.7746686110113735,2,SMYD3;MAP3K6
ChEA_2022,MYC 22102868 ChIP-Seq BL Human,0.3699622999977464,0.7746686110113735,1,GLI1
ChEA_2022,NCOR 22465074 ChIP-Seq MACROPHAGES Mouse,0.3713699211927034,0.7746686110113735,2,SMYD3;GLI1
ChEA_2022,AR 20517297 ChIP-Seq VCAP Human,0.3713699211927034,0.7746686110113735,2,SPARC;FZD5
ChEA_2022,TCF3 18347094 ChIP-ChIP MESCs Mouse,0.37405644457784104,0.7746686110113735,2,SPARC;GLI1
ChEA_2022,LXR 22292898 ChIP-Seq THP-1 Human,0.3743547376749624,0.7746686110113735,2,ITIH3;KCNT1
ChEA_2022,TET1 21490601 ChIP-Seq MESCs Mouse,0.3755474854679783,0.7746686110113735,2,KCNT1;MAP3K6
ChEA_2022,SOX9 25088423 ChIP-ChIP EMBRYONIC GONADS Mouse,0.3758455656308947,0.7746686110113735,2,SPARC;FZD5
ChEA_2022,TP53 32428506 ChIP-Seq Human Liver Heptoma,0.3777022108353413,0.7746686110113735,1,ZKSCAN2
ChEA_2022,MAF 26560356 Chip-Seq TH2 Human,0.37822865085916213,0.7746686110113735,2,GLI1;MAP3K6
ChEA_2022,ATF3 27146783 Chip-Seq COLON Human,0.3785263402070052,0.7746686110113735,2,PLA2G4E;GLI1
ChEA_2022,MYC 18940864 ChIP-ChIP HL60 Human,0.37923945703489126,0.7746686110113735,1,MAP3K6
ChEA_2022,MAF 26560356 Chip-Seq TH1 Human,0.3794191436931564,0.7746686110113735,2,GLI1;BAIAP3
ChEA_2022,GATA2 21666600 ChIP-Seq HMVEC Human,0.3797510807472032,0.7746686110113735,1,SPARC
ChEA_2022,SOX2 18358816 ChIP-ChIP MESCs Mouse,0.38128358112400007,0.7746686110113735,1,SPARC
ChEA_2022,FOXA1 21915096 ChIP-Seq LNCaP-1F5 Human,0.38239225317857134,0.7746686110113735,2,SMYD3;BAIAP3
ChEA_2022,CTCF 21964334 Chip-Seq Bcells Human,0.3838771074883371,0.7746686110113735,2,GLI1;MAP3K6
ChEA_2022,CHD1 26751641 Chip-Seq LNCaP Human,0.3841739404257649,0.7746686110113735,2,ACR;GLI1
ChEA_2022,EZH2 27294783 Chip-Seq ESCs Mouse,0.3847674675965384,0.7746686110113735,2,ACR;KCNT1
ChEA_2022,OCT4 18692474 ChIP-Seq MEFs Mouse,0.3865469302909289,0.7746686110113735,2,SPARC;FZD5
ChEA_2022,NANOG 16518401 ChIP-PET MESCs Mouse,0.38713970856917923,0.7746686110113735,2,SPARC;FZD5
ChEA_2022,KDM2B 26808549 Chip-Seq JURKAT Human,0.3880285205172904,0.7746686110113735,2,MAP3K6;BAIAP3
ChEA_2022,KLF6 26769127 Chip-Seq PDAC-Cell Line Human,0.38980485326639924,0.7746686110113735,2,GLI1;MAP3K6
ChEA_2022,CBX2 27304074 Chip-Seq ESCs Mouse,0.39040429350468836,0.7746686110113735,1,ZKSCAN2
ChEA_2022,TCF3 18692474 ChIP-Seq MEFs Mouse,0.39140988802727883,0.7746686110113735,1,FZD5
ChEA_2022,KDM2B 26808549 Chip-Seq K562 Human,0.3918750387412661,0.7746686110113735,2,MAP3K6;BAIAP3
ChEA_2022,AR 19668381 ChIP-Seq PC3 Human,0.39325833574992275,0.7746686110113735,3,KCNT1;SMYD3;GLI1
ChEA_2022,ELF3 26769127 Chip-Seq PDAC-Cell Line Human,0.39394281597534386,0.7746686110113735,2,PLA2G4E;GLI1
ChEA_2022,SMARCD1 25818293 ChIP-Seq ESCs Mouse,0.3948282596965928,0.7746686110113735,2,PLA2G4E;GPR179
ChEA_2022,SOX2 19030024 ChIP-ChIP MESCs Mouse,0.3984056262116255,0.7746686110113735,1,FZD5
ChEA_2022,REST 18959480 ChIP-ChIP MESCs Mouse,0.40013132580275723,0.7746686110113735,2,KCNT1;NPTXR
ChEA_2022,RUNX1 26923725 Chip-Seq HPCs Mouse,0.40039051805082226,0.7746686110113735,1,SMYD3
ChEA_2022,JUND 26020271 ChIP-Seq HCASMC Human CoronaryArtery,0.40039051805082226,0.7746686110113735,1,SMYD3
ChEA_2022,MYC 19030024 ChIP-ChIP MESCs Mouse,0.4022905542499201,0.7749753101351274,3,FZD5;SMYD3;GLI1
ChEA_2022,NR3C1 34362910 ChIP-Seq WistarRat Hippocampus,0.40924679339061415,0.7834735276336464,1,MAP3K6
ChEA_2022,HSF1 23293686 ChIP-Seq STHDH STRIATAL Mouse,0.4102232178396396,0.7834735276336464,1,SPARC
ChEA_2022,NANOG 21062744 ChIP-ChIP HESCs Human,0.4126576636209828,0.7847549585954586,1,MAP3K6
ChEA_2022,SMAD3 30307970 ChIP-Seq HCASMC Human CoronaryArtery,0.41710104421669203,0.7877271809514175,2,FZD5;SMYD3
ChEA_2022,WT1 25993318 ChIP-Seq PODOCYTE Human,0.4177609319203023,0.7877271809514175,3,SMYD3;GLI1;NPTXR
ChEA_2022,TP63 23658742 ChIP-Seq EP156T Human,0.42420486266299956,0.7965028012026785,3,PLA2G4E;SMYD3;GLI1
ChEA_2022,SALL4 18804426 ChIP-ChIP XEN Mouse,0.4313255736632061,0.8042060655853936,1,NPTXR
ChEA_2022,NR3C1 34362910 ChIP-Seq WistarRat Hippocampus Stress,0.43882207328870615,0.8042060655853936,1,MAP3K6
ChEA_2022,E2F1 18555785 ChIP-Seq MESCs Mouse,0.4420746611246697,0.8042060655853936,3,FZD5;PLA2G4E;SMYD3
ChEA_2022,EZH2 27304074 Chip-Seq ESCs Mouse,0.4448446557281804,0.8042060655853936,1,NPTXR
ChEA_2022,YAP1 20516196 ChIP-Seq MESCs Mouse,0.4484515292845573,0.8042060655853936,2,ZKSCAN2;SMYD3
ChEA_2022,POU2F1 35413990 ChIP-Seq Human ARposCRProstateCancer,0.44943612047032006,0.8042060655853936,1,PLA2G4E
ChEA_2022,FOXP2 23625967 ChIP-Seq PFSK-1 AND SK-N-MC Human,0.44989330361571167,0.8042060655853936,1,BAIAP3
ChEA_2022,DNAJC2 21179169 ChIP-ChIP NT2 Human,0.4612078740810494,0.8042060655853936,1,PLA2G4E
ChEA_2022,SALL4 18804426 ChIP-ChIP MESCs Mouse,0.46255086403522455,0.8042060655853936,1,NPTXR
ChEA_2022,TP53 22127205 ChIP-Seq IMR90 Human,0.4647822089855812,0.8042060655853936,1,SMYD3
ChEA_2022,EZH2 23942234 ChIP-Seq MYOBLASTS AND MYOTUBES Mouse,0.4696606331499193,0.8042060655853936,1,GLI1
ChEA_2022,FOXA1 33576154 ChIP-Seq Human Liver ProstateCancer,0.46984417313996557,0.8042060655853936,2,FZD5;PLA2G4E
ChEA_2022,FOXA1 33576154 ChIP-Seq Human HilarLN ProstateCancer,0.4714242465165839,0.8042060655853936,1,PLA2G4E
ChEA_2022,GATA3 30127528 ChIP-Seq BE2C Human Brain Neuroblastoma,0.4718642899448113,0.8042060655853936,1,SMYD3
ChEA_2022,GRHL2 25758223 ChIP-Seq PLACENTA Mouse,0.47449734656537884,0.8042060655853936,1,ITIH3
ChEA_2022,CTBP2 25329375 ChIP-Seq LNCAP Human,0.47537229373523743,0.8042060655853936,1,ZKSCAN2
ChEA_2022,IRF4 20064451 ChIP-Seq CD4+T Mouse,0.47755369043592755,0.8042060655853936,1,ZKSCAN2
ChEA_2022,CBP 20019798 ChIP-Seq JUKART Human,0.47755369043592755,0.8042060655853936,1,ZKSCAN2
ChEA_2022,STAT5A 24692510 ChIP-Seq Epithelium Mouse Mammary,0.4790039678822667,0.8042060655853936,2,SPARC;MAP3K6
ChEA_2022,TCFAP2C 20176728 ChIP-ChIP TROPHOBLAST STEM CELLS Mouse,0.47983266461416574,0.8042060655853936,2,KCNT1;MAP3K6
ChEA_2022,TCF7L2 21901280 ChIP-Seq H4IIE Rat,0.48275439850296026,0.8042060655853936,1,NPTXR
ChEA_2022,GATA1 30185409 ChIP-Seq K562 Mouse BoneMarrow Leukemia,0.48404697067445596,0.8042060655853936,1,FZD5
ChEA_2022,CEBPB 26923725 Chip-Seq MESODERM Mouse,0.4857656900015295,0.8042060655853936,1,ZKSCAN2
ChEA_2022,ERA 27197147 Chip-Seq ENDOMETRIOID-ADENOCARCINOMA Human,0.48918703846341743,0.8042060655853936,1,SMYD3
ChEA_2022,KDM5A 27292631 Chip-Seq BREAST Human,0.4925870374014169,0.8042060655853936,1,ZKSCAN2
ChEA_2022,EWS-ERG 20517297 ChIP-Seq CADO-ES1 Human,0.4925870374014169,0.8042060655853936,1,GLI1
ChEA_2022,YY1 22570637 ChIP-Seq MALME-3M Human,0.4963866719206766,0.8042060655853936,1,PLA2G4E
ChEA_2022,SMAD3 22036565 ChIP-Seq ESCs Mouse,0.4984860373782109,0.8042060655853936,1,FZD5
ChEA_2022,ARNT 22903824 ChIP-Seq MCF-7 Human,0.4993234840289989,0.8042060655853936,1,SPARC
ChEA_2022,MYC 18555785 ChIP-Seq MESCs Mouse,0.5018279648234649,0.8042060655853936,1,SMYD3
ChEA_2022,ERG 20517297 ChIP-Seq VCAP Human,0.5022442346924079,0.8042060655853936,1,SPARC
ChEA_2022,E2F1 21310950 ChIP-Seq MCF-7 Human,0.504320696936711,0.8042060655853936,1,FZD5
ChEA_2022,ELF5 23300383 ChIP-Seq T47D Human,0.5051490057434932,0.8042060655853936,1,GPR179
ChEA_2022,ESR1 30970003 ChIP-Seq MCF-7 Human BreastCancer,0.5084492821127012,0.8042060655853936,1,KCNT1
ChEA_2022,TP63 22573176 ChIP-Seq HFKS Human,0.5092564211394336,0.8042060655853936,3,SPARC;PLA2G4E;MAP3K6
ChEA_2022,RUNX1 20887958 ChIP-Seq HPC-7 Mouse,0.5092711209498991,0.8042060655853936,1,MAP3K6
ChEA_2022,NR3C1 21868756 ChIP-Seq MCF10A Human,0.516204925289679,0.8042060655853936,1,NPTXR
ChEA_2022,MEIS1 26923725 Chip-Seq HEMOGENIC-ENDOTHELIUM Mouse,0.5210439589216642,0.8042060655853936,1,MAP3K6
ChEA_2022,HAND2 30127528 ChIP-Seq KELLY Human Brain Neuroblastoma,0.5240481416676502,0.8042060655853936,3,SPARC;ZKSCAN2;NPTXR
ChEA_2022,GATA2 21571218 ChIP-Seq MEGAKARYOCYTES Human,0.5258375879471604,0.8042060655853936,1,SMYD3
ChEA_2022,GABP 19822575 ChIP-Seq HepG2 Human,0.5269530174290271,0.8042060655853936,2,ZKSCAN2;MAP3K6
ChEA_2022,CREM 20920259 ChIP-Seq GC1-SPG Mouse,0.5286438578158604,0.8042060655853936,4,ACR;ZKSCAN2;NPTXR;MAP3K6
ChEA_2022,SIN3A 21632747 ChIP-Seq MESCs Mouse,0.5305862101975325,0.8042060655853936,1,FZD5
ChEA_2022,PPAR 26484153 Chip-Seq NCI-H1993 Human,0.5391764325202255,0.8042060655853936,1,SMYD3
ChEA_2022,SOX2 30713093 ChIP-Seq Epithelial Human Tongue SCC,0.5391764325202255,0.8042060655853936,1,PLA2G4E
ChEA_2022,JARID2 20064375 ChIP-Seq MESCs Mouse,0.5414935132338022,0.8042060655853936,1,NPTXR
ChEA_2022,TAL1 30185409 ChIP-Seq K562 Mouse BoneMarrow Leukemia,0.543799668083719,0.8042060655853936,1,FZD5
ChEA_2022,LYL1 30185409 ChIP-Seq K562 Mouse BoneMarrow Leukemia,0.5449486633426276,0.8042060655853936,1,FZD5
ChEA_2022,FLI1 21571218 ChIP-Seq MEGAKARYOCYTES Human,0.5536666303164707,0.8042060655853936,4,SPARC;ZKSCAN2;SMYD3;MAP3K6
ChEA_2022,SPI1 20517297 ChIP-Seq HL60 Human,0.5562903589737698,0.8042060655853936,1,NPTXR
ChEA_2022,SMAD1 26771354 ChIP-Seq mESC Mouse Stem,0.5577824024653658,0.8042060655853936,1,GLI1
ChEA_2022,SRF 21415370 ChIP-Seq HL-1 Mouse,0.5603821664750939,0.8042060655853936,1,SMYD3
ChEA_2022,EVI1 22308434 ChIP-Seq SKOV3 Human Ovary OvarianCancer,0.5637036683991498,0.8042060655853936,1,MAP3K6
ChEA_2022,TFAP2C 20629094 ChIP-Seq MCF-7 Human,0.5724463543255538,0.8042060655853936,1,SPARC
ChEA_2022,LEF1 29337183 ChIP-Seq mESC Mouse Stem,0.5727405920096315,0.8042060655853936,2,FZD5;SMYD3
ChEA_2022,EKLF 21900194 ChIP-Seq ERYTHROCYTE Mouse,0.5799612072565616,0.8042060655853936,1,FZD5
ChEA_2022,JARID2 20075857 ChIP-Seq MESCs Mouse,0.5799612072565616,0.8042060655853936,1,NPTXR
ChEA_2022,NANOG 16153702 ChIP-ChIP HESCs Human,0.5806704119518068,0.8042060655853936,1,SPARC
ChEA_2022,ZFX 18555785 ChIP-Seq MESCs Mouse,0.581797215289635,0.8042060655853936,2,FZD5;ZKSCAN2
ChEA_2022,EGR1 20690147 ChIP-Seq ERYTHROLEUKEMIA Human,0.5825600381507245,0.8042060655853936,4,KCNT1;GLI1;MAP3K6;BAIAP3
ChEA_2022,SALL4 22934838 ChIP-ChIP CD34+ Human,0.5841996276897401,0.8042060655853936,1,MAP3K6
ChEA_2022,TAL1 26923725 Chip-Seq HEMANGIOBLAST Mouse,0.5852529500870022,0.8042060655853936,1,ZKSCAN2
ChEA_2022,PPARG 20176806 ChIP-Seq MACROPHAGES Mouse,0.5897885068237365,0.8042060655853936,1,FZD5
ChEA_2022,MYC 20876797 ChIP-ChIP MEDULLOBLASTOMA Human,0.5908285494050515,0.8042060655853936,1,MAP3K6
ChEA_2022,REST 19997604 ChIP-ChIP NEURONS Mouse,0.5939338640598932,0.8042060655853936,1,SMYD3
ChEA_2022,TBX2 30127528 ChIP-Seq KELLY Human Brain Neuroblastoma,0.5945538255304387,0.8042060655853936,2,FZD5;ZKSCAN2
ChEA_2022,RELA 24523406 ChIP-Seq FIBROSARCOMA Human,0.5970170740158683,0.8042060655853936,1,GLI1
ChEA_2022,EBNA2 21746931 ChIP-Seq IB4-LCL Human,0.6081354239230454,0.8042060655853936,1,KCNT1
ChEA_2022,SPI1 23127762 ChIP-Seq K562 Human,0.6147331622312829,0.8042060655853936,1,SPARC
ChEA_2022,YY1 23942234 ChIP-Seq MYOBLASTS AND MYOTUBES Mouse,0.6199362172335764,0.8042060655853936,1,SMYD3
ChEA_2022,TP53 23651856 ChIP-Seq MEFs Mouse,0.6215733701134991,0.8042060655853936,2,SMYD3;MAP3K6
ChEA_2022,ESR1 22446102 ChIP-Seq UTERUS Mouse,0.6231545958405681,0.8042060655853936,1,SMYD3
ChEA_2022,FOXA2 19822575 ChIP-Seq HepG2 Human,0.6242973508491776,0.8042060655853936,2,FZD5;SMYD3
ChEA_2022,CEBPB 20176806 ChIP-Seq THIOMACROPHAGE Mouse,0.625073340311068,0.8042060655853936,1,SMYD3
ChEA_2022,FOXP3 21729870 ChIP-Seq TREG Human,0.6317170642026978,0.8042060655853936,1,GLI1
ChEA_2022,ASH2L 23239880 ChIP-Seq MESCs Mouse,0.6355029050804998,0.8042060655853936,2,NPTXR;MAP3K6
ChEA_2022,SRY 25088423 ChIP-ChIP EMBRYONIC GONADS Mouse,0.6379368353529568,0.8042060655853936,2,ITIH3;FZD5
ChEA_2022,KLF4 18358816 ChIP-ChIP MESCs Mouse,0.6404037832672254,0.8042060655853936,1,NPTXR
ChEA_2022,EOMES 20176728 ChIP-ChIP TSCs Mouse,0.6419346239584479,0.8042060655853936,1,SPARC
ChEA_2022,TTF2 22483619 ChIP-Seq HELA Human,0.6506937015512234,0.8042060655853936,1,BAIAP3
ChEA_2022,SMAD3 21741376 ChIP-Seq EPCs Human,0.6506937015512234,0.8042060655853936,1,KCNT1
ChEA_2022,GTF3C2 35216376 ChIP-Seq H9 Human BoneMarrow Lymphoma,0.6521834321473613,0.8042060655853936,1,FZD5
ChEA_2022,ZNF217 24962896 ChIP-Seq MCF-7 Human,0.6557345191964857,0.8042060655853936,1,SMYD3
ChEA_2022,ISL1 27105846 Chip-Seq CPCs Mouse,0.6569106417681936,0.8042060655853936,1,GLI1
ChEA_2022,E2F1 26619117 ChIP-Seq Hepatocytes Mouse Liver,0.6601788493989296,0.8042060655853936,2,FZD5;SMYD3
ChEA_2022,RUNX2 22187159 ChIP-Seq PCA Human,0.6612333359087709,0.8042060655853936,2,SPARC;KCNT1
ChEA_2022,RUNX1 30185409 ChIP-Seq HPC Mouse BoneMarrow Leukemia,0.6616544770337328,0.8042060655853936,2,ACR;FZD5
ChEA_2022,EP300 20729851 ChIP-Seq FORBRAIN MIDBRAIN LIMB HEART Mouse,0.6627349638405139,0.8042060655853936,1,SPARC
ChEA_2022,GATA2 20887958 ChIP-Seq HPC-7 Mouse,0.6658986988236468,0.8042060655853936,1,MAP3K6
ChEA_2022,SOX17 20123909 ChIP-Seq XEN Mouse,0.6768928127021641,0.8042060655853936,1,SMYD3
ChEA_2022,ESET 19884257 ChIP-Seq ESCs Mouse,0.6785537997798892,0.8042060655853936,1,ACR
ChEA_2022,PPARG 20176806 ChIP-Seq 3T3-L1 Mouse,0.6785537997798892,0.8042060655853936,1,FZD5
ChEA_2022,E2F1 17053090 ChIP-ChIP MCF-7 Human,0.6815781713750279,0.8042060655853936,1,ACR
ChEA_2022,KDM2B 26808549 Chip-Seq REH Human,0.684032793371776,0.8042060655853936,1,ZKSCAN2
ChEA_2022,ETS1 22383799 ChIP-Seq G1ME Mouse,0.6853887956364526,0.8042060655853936,1,ZKSCAN2
ChEA_2022,RUNX1 27514584 ChIP-Seq MCF-7 Human BreastCancer,0.6904920089737409,0.8042060655853936,1,ZKSCAN2
ChEA_2022,HOXB13 26457646 ChIP-Seq LNCaP Human Prostate Carcinoma,0.6934109235405916,0.8042060655853936,1,SMYD3
ChEA_2022,FLI1 21867929 ChIP-Seq CD8 Mouse,0.6939388546426449,0.8042060655853936,1,BAIAP3
ChEA_2022,CEBPB 26923725 Chip-Seq MACROPHAGESS Mouse,0.7002079107946174,0.8042060655853936,1,MAP3K6
ChEA_2022,ESR1 26153859 ChIP-Seq T47D Human Breast Carcinoma,0.7007248610510394,0.8042060655853936,1,ZKSCAN2
ChEA_2022,GATA1 19941827 ChIP-Seq MEL Mouse,0.7009830226556497,0.8042060655853936,1,MAP3K6
ChEA_2022,CEBPB 24764292 ChIP-Seq MC3T3 Mouse,0.703040812413624,0.8042060655853936,1,BAIAP3
ChEA_2022,MEIS1 26253404 ChIP-Seq OPTIC CUPS Mouse,0.703040812413624,0.8042060655853936,1,FZD5
ChEA_2022,KAP1 27257070 Chip-Seq ESCs Mouse,0.703040812413624,0.8042060655853936,1,FZD5
ChEA_2022,SPI1 26923725 Chip-Seq MACROPHAGESS Mouse,0.70508532006563,0.8042060655853936,1,MAP3K6
ChEA_2022,OLIG2 29049317 ChIP-Seq Mouse SpinalCord,0.7058486025454949,0.8042060655853936,1,SPARC
ChEA_2022,SPI1 26923725 Chip-Seq HPCs Mouse,0.7061026181768679,0.8042060655853936,1,FZD5
ChEA_2022,FLI1 26923725 Chip-Seq MACROPHAGESS Mouse,0.7061026181768679,0.8042060655853936,1,MAP3K6
ChEA_2022,SETDB1 19884255 ChIP-Seq MESCs Mouse,0.7073696145576771,0.8042060655853936,1,SMYD3
ChEA_2022,LUZP1 20508642 ChIP-Seq ESCs Mouse,0.7078749778927959,0.8042060655853936,1,SPARC
ChEA_2022,PBX 27287812 Chip-Seq EMBYONIC-LIMB Mouse,0.7103895447139802,0.8042060655853936,1,ACR
ChEA_2022,TAL1 20566737 ChIP-Seq PRIMARY FETAL LIVER ERYTHROID Mouse,0.7108900167304127,0.8042060655853936,1,MAP3K6
ChEA_2022,GATA2 21186366 ChIP-Seq BM-HSCs Mouse,0.7116392048104114,0.8042060655853936,1,SPARC
ChEA_2022,FLI1 21867929 ChIP-Seq TH2 Mouse,0.7118885294171816,0.8042060655853936,1,SPARC
ChEA_2022,IRF8 27001747 Chip-Seq BMDM Mouse,0.712883808268781,0.8042060655853936,1,FZD5
ChEA_2022,LMO2 26923725 Chip-Seq HEMOGENIC-ENDOTHELIUM Mouse,0.7170778932849707,0.8042060655853936,1,SMYD3
ChEA_2022,GATA1 19941827 ChIP-Seq MEL86 Mouse,0.7175675211883923,0.8042060655853936,1,SMYD3
ChEA_2022,PU.1 20513432 ChIP-Seq Bcells Mouse,0.7178120370416343,0.8042060655853936,1,GPR179
ChEA_2022,CTCF 26484167 Chip-Seq Bcells Mouse,0.718056354543802,0.8042060655853936,1,GLI1
ChEA_2022,RBPJ 21746931 ChIP-Seq IB4-LCL Human,0.7185443946525688,0.8042060655853936,1,KCNT1
ChEA_2022,ENL 26711339 ChIP-Seq SEM Human Blood Leukemia,0.7185443946525688,0.8042060655853936,1,GLI1
ChEA_2022,CEBPB 21427703 ChIP-Seq 3T3-L1 Mouse,0.7204886462291646,0.8042060655853936,1,SMYD3
ChEA_2022,AR 22383394 ChIP-Seq PROSTATE CANCER Human,0.7226608761096645,0.8042060655853936,1,SMYD3
ChEA_2022,SMC4 20622854 ChIP-Seq HELA Human,0.7236212225362098,0.8042060655853936,1,KCNT1
ChEA_2022,NFI 21473784 ChIP-Seq ESCs Mouse,0.7248172716749176,0.8042060655853936,1,GPR179
ChEA_2022,SMAD3 21741376 ChIP-Seq ESCs Human,0.7255325701098754,0.8042060655853936,1,KCNT1
ChEA_2022,RAC3 21632823 ChIP-Seq H3396 Human,0.7271948268576135,0.8042060655853936,1,ITIH3
ChEA_2022,RUNX1 22412390 ChIP-Seq EML Mouse,0.7276680209768667,0.8042060655853936,1,MAP3K6
ChEA_2022,CJUN 26792858 Chip-Seq BT549 Human,0.7283763696091977,0.8042060655853936,1,SPARC
ChEA_2022,SOX2 18692474 ChIP-Seq MEFs Mouse,0.7288476419898693,0.8042060655853936,1,FZD5
ChEA_2022,E2F1 20622854 ChIP-Seq HELA Human,0.7290829906218188,0.8042060655853936,1,MAP3K6
ChEA_2022,SPI1 22790984 ChIP-Seq ERYTHROLEUKEMIA Mouse,0.730256863920257,0.8042060655853936,1,FZD5
ChEA_2022,MYC 19829295 ChIP-Seq ESCs Human,0.730256863920257,0.8042060655853936,1,ITIH3
ChEA_2022,NCOR 22424771 ChIP-Seq 293T Human,0.730256863920257,0.8042060655853936,1,PLA2G4E
ChEA_2022,BCOR 27268052 Chip-Seq Bcells Human,0.7304910655919938,0.8042060655853936,1,MAP3K6
ChEA_2022,TOP2B 26459242 ChIP-Seq MCF-7 Human,0.7309588972006812,0.8042060655853936,1,ZKSCAN2
ChEA_2022,NR3C1 27076634 ChIP-Seq BEAS2B Human Lung Inflammation,0.7314345246424068,0.8042060655853936,2,SMYD3;MAP3K6
ChEA_2022,FOXA1 21572438 ChIP-Seq LNCaP Human,0.7316592172660586,0.8042060655853936,1,MAP3K6
ChEA_2022,NANOG 20526341 ChIP-Seq ESCs Human,0.731892277371019,0.8042060655853936,1,MAP3K6
ChEA_2022,TBL1 22424771 ChIP-Seq 293T Human,0.731892277371019,0.8042060655853936,1,SMYD3
ChEA_2022,FOXA1 25329375 ChIP-Seq VCAP Human,0.7321251476112397,0.8042060655853936,1,MAP3K6
ChEA_2022,SMRT 22465074 ChIP-Seq MACROPHAGES Mouse,0.7321251476112397,0.8042060655853936,1,MAP3K6
ChEA_2022,FOXA1 27270436 Chip-Seq PROSTATE Human,0.7321251476112397,0.8042060655853936,1,MAP3K6
ChEA_2022,PHF8 20622854 ChIP-Seq HELA Human,0.7323578281425885,0.8042060655853936,1,MAP3K6
ChEA_2022,SOX2 19829295 ChIP-Seq ESCs Human,0.7330547335683419,0.8042060655853936,1,PLA2G4E
ChEA_2022,NANOG 19829295 ChIP-Seq ESCs Human,0.7330547335683419,0.8042060655853936,1,PLA2G4E
ChEA_2022,TAL1 20887958 ChIP-Seq HPC-7 Mouse,0.7330547335683419,0.8042060655853936,1,MAP3K6
ChEA_2022,FOXH1 21741376 ChIP-Seq EPCs Human,0.7335183916335668,0.8042060655853936,1,SPARC
ChEA_2022,TBX20 22080862 ChIP-Seq HEART Mouse,0.7342124633285312,0.8042060655853936,1,MAP3K6
ChEA_2022,TBX20 22328084 ChIP-Seq HEART Mouse,0.7342124633285312,0.8042060655853936,1,MAP3K6
ChEA_2022,SOX2 21211035 ChIP-Seq LN229 Human,0.7344434437069344,0.8042060655853936,1,BAIAP3
ChEA_2022,KLF5 20875108 ChIP-Seq MESCs Mouse,0.7351352561641132,0.8042060655853936,1,SPARC
ChEA_2022,KLF4 19829295 ChIP-Seq ESCs Human,0.7351352561641132,0.8042060655853936,1,KCNT1
ChEA_2022,P300 19829295 ChIP-Seq ESCs Human,0.7353654846602939,0.8042060655853936,1,FZD5
ChEA_2022,MYCN 27167114 Chip-Seq NEUROBLASTOMA Human,0.7353654846602939,0.8042060655853936,1,FZD5
ChEA_2022,FOXM1 26456572 ChIP-Seq MCF-7 Human,0.7355955254664281,0.8042060655853936,1,PLA2G4E
ChEA_2022,P300 27268052 Chip-Seq Bcells Human,0.7358253787789828,0.8042060655853936,1,MAP3K6
ChEA_2022,P63 20808887 ChIP-Seq KERATINOCYTES Human,0.7362845234741275,0.8042060655853936,1,NPTXR
ChEA_2022,RUNX2 24764292 ChIP-Seq MC3T3 Mouse,0.7367429200910883,0.8042060655853936,1,SPARC
ChEA_2022,SMAD4 21741376 ChIP-Seq EPCs Human,0.7374291144689734,0.8042060655853936,1,KCNT1
ChEA_2022,MYB 26560356 Chip-Seq TH1 Human,0.7390237192084984,0.8042060655853936,1,ZKSCAN2
ChEA_2022,RARB 27405468 Chip-Seq BRAIN Mouse,0.7392507774110012,0.8042060655853936,1,BAIAP3
ChEA_2022,SMAD2/3 21741376 ChIP-Seq ESCs Human,0.7394776502750178,0.8042060655853936,1,KCNT1
ChEA_2022,UBF1/2 26484160 Chip-Seq HMECs Human,0.7399308410687822,0.8042060655853936,1,FZD5
ChEA_2022,GATA2 19941826 ChIP-Seq K562 Human,0.7408350063036636,0.8042060655853936,1,SMYD3
ChEA_2022,AR 21915096 ChIP-Seq LNCaP-1F5 Human,0.7410605866709096,0.8042060655853936,1,PLA2G4E
ChEA_2022,UTX 26944678 Chip-Seq JUKART Human,0.7415111953317115,0.8042060655853936,1,ZKSCAN2
ChEA_2022,P63 26484246 Chip-Seq KERATINOCYTES Human,0.7428586143364084,0.8042060655853936,1,PLA2G4E
ChEA_2022,TCF21 26020271 ChIP-Seq SMOOTH MUSCLE Human,0.7433062888266032,0.8042060655853936,1,GLI1
ChEA_2022,GATA3 24758297 ChIP-Seq MCF-7 Human,0.7433062888266032,0.8042060655853936,1,SPARC
ChEA_2022,MYB 26560356 Chip-Seq TH2 Human,0.7433062888266032,0.8042060655853936,1,ZKSCAN2
ChEA_2022,SA1 27219007 Chip-Seq Bcells Human,0.7441994465755598,0.8042060655853936,1,MAP3K6
ChEA_2022,SETDB1 19884257 ChIP-Seq MESCs Mouse,0.7444222802325968,0.8042060655853936,1,ACR
ChEA_2022,CTCF 21964334 ChIP-Seq BJAB-B Human,0.7453117966806789,0.8042060655853936,1,GLI1
ChEA_2022,FOXO3 22982991 ChIP-Seq MACROPHAGES Mouse,0.7455337218194829,0.8042060655853936,1,SMYD3
ChEA_2022,FOXA1 25552417 ChIP-Seq VCAP Human,0.7479629631034385,0.8042060655853936,1,BAIAP3
ChEA_2022,RING1B 27294783 Chip-Seq ESCs Mouse,0.7481827216906808,0.8042060655853936,1,FZD5
ChEA_2022,KDM2B 26808549 Chip-Seq SUP-B15 Human,0.7514576200648456,0.8043067393121393,1,MAP3K6
ChEA_2022,MYCN 18555785 ChIP-Seq MESCs Mouse,0.7518912439412357,0.8043067393121393,1,ZKSCAN2
ChEA_2022,RACK7 27058665 Chip-Seq MCF-7 Human,0.7542635246933311,0.8049095167590704,1,MAP3K6
ChEA_2022,ELK3 25401928 ChIP-Seq HUVEC Human,0.7564016747399135,0.8052601561226352,1,MAP3K6
ChEA_2022,BRD4 25478319 ChIP-Seq HGPS Human,0.7730890151233037,0.8210611258469455,1,SMYD3
ChEA_2022,YY1 26981420 ChIP-Seq C2C12 Mouse Muscle,0.781121229924705,0.8276165412297469,1,GLI1
ChEA_2022,KLF4 18555785 ChIP-Seq MESCs Mouse,0.7847523798944402,0.8294888576081375,1,MAP3K6
ChEA_2022,SOX2 20726797 ChIP-Seq SW620 Human,0.8031254250976915,0.8468976639063335,1,SMYD3
ChEA_2022,ESR1 26153859 ChIP-Seq MCF-7 Human BreastCancer,0.8111671953600912,0.8533555601305924,2,FZD5;SMYD3
ChEA_2022,FOXA1 26457646 ChIP-Seq LHSAR Human ProstateCancer,0.8180865864721911,0.8586050258965213,1,ZKSCAN2
ChEA_2022,SMARCA4 23332759 ChIP-Seq OLIGODENDROCYTES Mouse,0.8289448641971312,0.8676650502881949,1,SMYD3
ChEA_2022,TP63 30713093 ChIP-Seq Epithelial Human Tongue SCC,0.8306186773545415,0.8676650502881949,1,GLI1
ChEA_2022,CHD4 35695185 ChIP-Seq nicBasalRootGanglia Mouse Embryo,0.8334736952560702,0.8685828837879004,1,SMYD3
ChEA_2022,GATA1 21571218 ChIP-Seq MEGAKARYOCYTES Human,0.8354010657555537,0.8685828837879004,1,SMYD3
ChEA_2022,MYCN 28898695 ChIP-Seq NB1643 Human Nerve Neuroblastoma,0.842903375136001,0.8743403308520291,1,ZKSCAN2
ChEA_2022,MYC 22102868 ChIP-Seq CA46 Human Blood BurkittsLymphoma,0.8602806569214577,0.890290447279183,1,ZKSCAN2
ChEA_2022,STAT3 23295773 ChIP-Seq U87 Human,0.8959778770315459,0.9250815667727098,1,SMYD3
ChEA_2022,SOX2 21211035 ChIP-Seq LN229 Gbm,0.8993769518136071,0.9264415360117018,1,SMYD3
ChEA_2022,PPARD 21283829 ChIP-Seq MYOFIBROBLAST Human,0.9062137581369398,0.9313282271846148,1,KCNT1
ChEA_2022,PPARG 20887899 ChIP-Seq 3T3-L1 Mouse,0.9083657956668792,0.9313888918704176,1,SPARC
ChEA_2022,AF4 26711339 ChIP-Seq SEM Human Blood Leukemia,0.9234156038215413,0.944643548736979,1,SMYD3
ChEA_2022,KDM5B 21448134 ChIP-Seq MESCs Mouse,0.9278938090418816,0.9470475803294434,1,SMYD3
ChEA_2022,HNF1A 27111144 ChIP-Seq CD8+TCells Mouse Blood Lymphoma,0.9330831756682453,0.9501647898681216,1,SMYD3
ChEA_2022,TCF4 23295773 ChIP-Seq U87 Human,0.9372674493818763,0.952246609531815,1,SMYD3
ChEA_2022,FOXP1 21924763 ChIP-Seq HESCs Human,0.9427586129993102,0.9556436965482756,1,GLI1
ChEA_2022,FOXA1 27270436 ChIP-Seq VCaP Human Prostate Carcinoma,0.9458543055739921,0.9566026499555148,1,FZD5
ChEA_2022,STAT1 19122651 ChIP-Seq HeLaS3 Human CervicalCancer,0.9509684312205569,0.9595939952225573,1,FZD5
ChEA_2022,MBD3 35695185 ChIP-Seq nicBasalRootGanglia Mouse Embryo,0.9604917131065183,0.9670108876298656,1,ZKSCAN2
ChEA_2022,JUN 27471255 ChIP-Seq Chondrocytes Mouse Rib,0.9757042916576967,0.9789376397138888,1,MAP3K6
ChEA_2022,MYC 30127528 ChIP-Seq KELLY Human Brain Neuroblastoma,0.9767377798493632,0.9789376397138888,1,NPTXR
ChEA_2022,RUNX2 24655370 ChIP-Seq MC3T3E1 Mouse Bone,0.980751538663525,0.980751538663525,1,SPARC
TRRUST_Transcription_Factors_2019,GLI3 mouse,0.007178349711373001,0.025757405166016184,1,GLI1
TRRUST_Transcription_Factors_2019,MEN1 mouse,0.007178349711373001,0.025757405166016184,1,GLI1
TRRUST_Transcription_Factors_2019,GLI2 mouse,0.011145440218903038,0.025757405166016184,1,GLI1
TRRUST_Transcription_Factors_2019,SATB1 human,0.011937073506359589,0.025757405166016184,1,SPARC
TRRUST_Transcription_Factors_2019,SMARCA4 mouse,0.015097670589384432,0.025757405166016184,1,SPARC
TRRUST_Transcription_Factors_2019,VHL human,0.015886337864689626,0.025757405166016184,1,SPARC
TRRUST_Transcription_Factors_2019,CREM human,0.019820802640726443,0.025757405166016184,1,ACR
TRRUST_Transcription_Factors_2019,SMAD4 human,0.020605924132812946,0.025757405166016184,1,GLI1
TRRUST_Transcription_Factors_2019,RELA mouse,0.09256215333357878,0.10284683703730976,1,GLI1
TRRUST_Transcription_Factors_2019,SP1 mouse,0.19551494233400338,0.19551494233400338,1,SPARC
ENCODE_and_ChEA_Consensus_TFs_from_ChIP-X,ZBTB7A ENCODE,0.005116139515283132,0.16883260400434336,6,FZD5;ZKSCAN2;SMYD3;GLI1;NPTXR;BAIAP3
ENCODE_and_ChEA_Consensus_TFs_from_ChIP-X,SMC3 ENCODE,0.06465869667988149,0.6645232003517817,3,KCNT1;FZD5;GLI1
ENCODE_and_ChEA_Consensus_TFs_from_ChIP-X,REST CHEA,0.07844252211836654,0.6645232003517817,3,KCNT1;SMYD3;NPTXR
ENCODE_and_ChEA_Consensus_TFs_from_ChIP-X,NANOG CHEA,0.08054826670930687,0.6645232003517817,2,SPARC;PLA2G4E
ENCODE_and_ChEA_Consensus_TFs_from_ChIP-X,CTCF ENCODE,0.1673073225875227,0.8730181443676329,3,FZD5;GLI1;MAP3K6
ENCODE_and_ChEA_Consensus_TFs_from_ChIP-X,BHLHE40 ENCODE,0.2449386253789482,0.8730181443676329,1,SMYD3
ENCODE_and_ChEA_Consensus_TFs_from_ChIP-X,SALL4 CHEA,0.24923199652987726,0.8730181443676329,1,NPTXR
ENCODE_and_ChEA_Consensus_TFs_from_ChIP-X,HNF4A ENCODE,0.27201123334506655,0.8730181443676329,2,FZD5;ZKSCAN2
ENCODE_and_ChEA_Consensus_TFs_from_ChIP-X,RUNX1 CHEA,0.2774905073441345,0.8730181443676329,2,GLI1;MAP3K6
ENCODE_and_ChEA_Consensus_TFs_from_ChIP-X,EGR1 ENCODE,0.35314785203064825,0.8730181443676329,1,MAP3K6
ENCODE_and_ChEA_Consensus_TFs_from_ChIP-X,SUZ12 CHEA,0.3951233072481465,0.8730181443676329,2,KCNT1;NPTXR
ENCODE_and_ChEA_Consensus_TFs_from_ChIP-X,ZBTB33 ENCODE,0.4355538274284454,0.8730181443676329,1,ZKSCAN2
ENCODE_and_ChEA_Consensus_TFs_from_ChIP-X,RCOR1 ENCODE,0.4355538274284454,0.8730181443676329,1,FZD5
ENCODE_and_ChEA_Consensus_TFs_from_ChIP-X,SP1 ENCODE,0.43789010364552167,0.8730181443676329,1,GLI1
ENCODE_and_ChEA_Consensus_TFs_from_ChIP-X,STAT3 ENCODE,0.44622585062685644,0.8730181443676329,1,MAP3K6
ENCODE_and_ChEA_Consensus_TFs_from_ChIP-X,CEBPD ENCODE,0.4503501308144731,0.8730181443676329,1,ZKSCAN2
ENCODE_and_ChEA_Consensus_TFs_from_ChIP-X,GATA2 CHEA,0.4674483585086678,0.8730181443676329,1,SMYD3
ENCODE_and_ChEA_Consensus_TFs_from_ChIP-X,E2F6 ENCODE,0.4938438834500142,0.8730181443676329,3,FZD5;ZKSCAN2;SMYD3
ENCODE_and_ChEA_Consensus_TFs_from_ChIP-X,E2F1 CHEA,0.5047350136746427,0.8730181443676329,1,FZD5
ENCODE_and_ChEA_Consensus_TFs_from_ChIP-X,KLF4 CHEA,0.5551682305508616,0.8730181443676329,1,NPTXR
ENCODE_and_ChEA_Consensus_TFs_from_ChIP-X,TCF3 CHEA,0.5622303605948537,0.8730181443676329,1,FZD5
ENCODE_and_ChEA_Consensus_TFs_from_ChIP-X,AR CHEA,0.5939338640598932,0.8730181443676329,1,SMYD3
ENCODE_and_ChEA_Consensus_TFs_from_ChIP-X,RAD21 ENCODE,0.6485980268331275,0.8730181443676329,1,GLI1
ENCODE_and_ChEA_Consensus_TFs_from_ChIP-X,PBX3 ENCODE,0.6497969941117497,0.8730181443676329,1,ZKSCAN2
ENCODE_and_ChEA_Consensus_TFs_from_ChIP-X,TP63 CHEA,0.6867393406746257,0.8730181443676329,1,PLA2G4E
ENCODE_and_ChEA_Consensus_TFs_from_ChIP-X,ATF2 ENCODE,0.6878324773805593,0.8730181443676329,2,ZKSCAN2;GLI1
ENCODE_and_ChEA_Consensus_TFs_from_ChIP-X,PML ENCODE,0.7358253787789828,0.8765663096982047,1,ZKSCAN2
ENCODE_and_ChEA_Consensus_TFs_from_ChIP-X,UBTF ENCODE,0.743753232471204,0.8765663096982047,1,FZD5
ENCODE_and_ChEA_Consensus_TFs_from_ChIP-X,NRF1 ENCODE,0.7944036011163217,0.9039765116151247,1,SMYD3
ENCODE_and_ChEA_Consensus_TFs_from_ChIP-X,ELF1 ENCODE,0.8801851481291052,0.9627137728075532,1,ZKSCAN2
ENCODE_and_ChEA_Consensus_TFs_from_ChIP-X,BRCA1 ENCODE,0.939670431503465,0.9627137728075532,1,ZKSCAN2
ENCODE_and_ChEA_Consensus_TFs_from_ChIP-X,TAF1 ENCODE,0.9466289749619908,0.9627137728075532,1,ZKSCAN2
ENCODE_and_ChEA_Consensus_TFs_from_ChIP-X,NFYB ENCODE,0.9627137728075532,0.9627137728075532,1,FZD5
